subject,target_index,kind,search_name,matched_name,node_type,rank,icij_score,icij_match,sim,distinctive_agree,old_gate,new_gate,label
BP p.l.c.,17,entity,BRITANNIC TRADING LIMITED,BRITANNIC TRADING LIMITED,entity,0,100,True,1.0,True,True,True,tp
BP p.l.c.,46,entity,BP P.L.C.,BP P.L.C.,officer,0,100,True,1.0,True,True,True,
BP p.l.c.,61,entity,BP AMERICA PRODUCTION COMPANY,BP America Production Company,officer,0,100,True,1.0,True,True,True,
BP p.l.c.,65,entity,BP Pension Trustees Limited,BP Pension Trustees Limited,officer,0,100,True,1.0,True,True,True,
BP p.l.c.,133,entity,SNOWMASS HOLDINGS LIMITED,Snowmass Holdings Limited,entity,0,100,True,1.0,True,True,True,
BP p.l.c.,133,entity,SNOWMASS HOLDINGS LIMITED,Snowmass Holdings Limited,officer,0,100,True,1.0,True,True,True,
BP p.l.c.,143,entity,BRITANNIC TRADING LIMITED,BRITANNIC TRADING LIMITED,entity,0,100,True,1.0,True,True,True,tp
BP p.l.c.,151,entity,VICEROY INVESTMENTS LIMITED,VICEROY INVESTMENTS LIMITED,entity,1,100,True,1.0,True,True,True,
BP p.l.c.,220,entity,BP P.L.C.,BP P.L.C.,officer,0,100,True,1.0,True,True,True,
BP p.l.c.,222,entity,BP PENSION TRUSTEES LIMITED,BP Pension Trustees Limited,officer,0,100,True,1.0,True,True,True,
BP p.l.c.,251,entity,BP P.L.C.,BP P.L.C.,officer,0,100,True,1.0,True,True,True,
BP p.l.c.,261,person,DAVID ALAN HAGER,DAVID ALAN HAGER,officer,0,100,True,1.0,True,True,True,
DMGT,0,entity,ROTHERMERE CONTINUATION LIMITED,ROTHERMERE CONTINUATION LIMITED,entity,0,100,True,1.0,True,True,True,tp
DMGT,63,person,Thomas Stuart Gillespie,Gillespie - Thomas Stuart,officer,0,100,True,1.0,True,True,True,
DMGT,68,person,Thomas Stuart Gillespie,Gillespie - Thomas Stuart,officer,0,100,True,1.0,True,True,True,
DMGT,69,person,Nigel Timothy Bentley,Bentley - Nigel Timothy,officer,0,100,True,1.0,True,True,True,
DMGT,69,person,Nigel Timothy Bentley,BENTLEY NIGEL TIMOTHY,officer,1,100,True,1.0,True,True,True,
Glencore plc,0,entity,GLENCORE PLC,Glencore plc,officer,0,100,True,1.0,True,True,True,tp
Glencore plc,0,entity,GLENCORE PLC,GLENCORE PLC,officer,1,100,True,1.0,True,True,True,tp
Glencore plc,0,entity,GLENCORE PLC,GLENCORE PLC,officer,2,100,True,1.0,True,True,True,tp
Glencore plc,0,entity,GLENCORE PLC,GLENCORE PLC,officer,3,100,True,1.0,True,True,True,tp
Glencore plc,0,entity,GLENCORE PLC,GLENCORE PLC,officer,4,100,True,1.0,True,True,True,tp
Glencore plc,0,entity,GLENCORE PLC,GLENCORE PLC,officer,5,100,True,1.0,True,True,True,tp
Glencore plc,0,entity,GLENCORE PLC,GLENCORE PLC,officer,6,100,True,1.0,True,True,True,tp
Glencore plc,0,entity,GLENCORE PLC,GLENCORE PLC,officer,7,100,True,1.0,True,True,True,tp
Glencore plc,0,entity,GLENCORE PLC,GLENCORE PLC,officer,8,100,True,1.0,True,True,True,tp
Glencore plc,0,entity,GLENCORE PLC,GLENCORE PLC,officer,9,100,True,1.0,True,True,True,tp
Glencore plc,12,entity,GLENCORE INTERNATIONAL AG,Glencore International AG,officer,0,100,True,1.0,True,True,True,tp
Glencore plc,12,entity,GLENCORE INTERNATIONAL AG,Glencore International AG,officer,1,100,True,1.0,True,True,True,tp
Glencore plc,12,entity,GLENCORE INTERNATIONAL AG,GLENCORE INTERNATIONAL AG,intermediary,0,100,True,1.0,True,True,True,tp
Glencore plc,14,entity,Glencore PLC,Glencore plc,officer,0,100,True,1.0,True,True,True,tp
Glencore plc,14,entity,Glencore PLC,GLENCORE PLC,officer,1,100,True,1.0,True,True,True,tp
Glencore plc,14,entity,Glencore PLC,GLENCORE PLC,officer,2,100,True,1.0,True,True,True,tp
Glencore plc,14,entity,Glencore PLC,GLENCORE PLC,officer,3,100,True,1.0,True,True,True,tp
Glencore plc,14,entity,Glencore PLC,GLENCORE PLC,officer,4,100,True,1.0,True,True,True,tp
Glencore plc,14,entity,Glencore PLC,GLENCORE PLC,officer,5,100,True,1.0,True,True,True,tp
Glencore plc,14,entity,Glencore PLC,GLENCORE PLC,officer,6,100,True,1.0,True,True,True,tp
Glencore plc,14,entity,Glencore PLC,GLENCORE PLC,officer,7,100,True,1.0,True,True,True,tp
Glencore plc,14,entity,Glencore PLC,GLENCORE PLC,officer,8,100,True,1.0,True,True,True,tp
Glencore plc,14,entity,Glencore PLC,GLENCORE PLC,officer,9,100,True,1.0,True,True,True,tp
Glencore plc,33,entity,Glencore Group Funding Ltd,Glencore Group Funding Ltd.,officer,0,100,True,1.0,True,True,True,
Glencore plc,38,entity,Qatar Holding LLC,Qatar Holding LLC,officer,0,100,True,1.0,True,True,True,
Glencore plc,38,entity,Qatar Holding LLC,QATAR HOLDING LLC,officer,1,100,True,1.0,True,True,True,
Glencore plc,39,entity,Glencore PLC,Glencore plc,officer,0,100,True,1.0,True,True,True,tp
Glencore plc,39,entity,Glencore PLC,GLENCORE PLC,officer,1,100,True,1.0,True,True,True,tp
Glencore plc,39,entity,Glencore PLC,GLENCORE PLC,officer,2,100,True,1.0,True,True,True,tp
Glencore plc,39,entity,Glencore PLC,GLENCORE PLC,officer,3,100,True,1.0,True,True,True,tp
Glencore plc,39,entity,Glencore PLC,GLENCORE PLC,officer,4,100,True,1.0,True,True,True,tp
Glencore plc,39,entity,Glencore PLC,GLENCORE PLC,officer,5,100,True,1.0,True,True,True,tp
Glencore plc,39,entity,Glencore PLC,GLENCORE PLC,officer,6,100,True,1.0,True,True,True,tp
Glencore plc,39,entity,Glencore PLC,GLENCORE PLC,officer,7,100,True,1.0,True,True,True,tp
Glencore plc,39,entity,Glencore PLC,GLENCORE PLC,officer,8,100,True,1.0,True,True,True,tp
Glencore plc,39,entity,Glencore PLC,GLENCORE PLC,officer,9,100,True,1.0,True,True,True,tp
Glencore plc,41,person,Ivan Glasenberg,Glasenberg - Ivan,officer,0,100,True,1.0,True,True,True,
Glencore plc,41,person,Ivan Glasenberg,Glasenberg - Ivan,officer,1,100,True,1.0,True,True,True,
Glencore plc,46,entity,Qatar Investment Authority,Qatar Investment Authority,officer,0,100,True,1.0,True,True,True,
Glencore plc,46,entity,Qatar Investment Authority,Qatar Investment Authority,officer,1,100,True,1.0,True,True,True,
Glencore plc,49,person,Gary Nagle,Nagle - Gary,officer,0,100,True,1.0,True,True,True,
Glencore plc,50,entity,GLENCORE PLC,Glencore plc,officer,0,100,True,1.0,True,True,True,tp
Glencore plc,50,entity,GLENCORE PLC,GLENCORE PLC,officer,1,100,True,1.0,True,True,True,tp
Glencore plc,50,entity,GLENCORE PLC,GLENCORE PLC,officer,2,100,True,1.0,True,True,True,tp
Glencore plc,50,entity,GLENCORE PLC,GLENCORE PLC,officer,3,100,True,1.0,True,True,True,tp
Glencore plc,50,entity,GLENCORE PLC,GLENCORE PLC,officer,4,100,True,1.0,True,True,True,tp
Glencore plc,50,entity,GLENCORE PLC,GLENCORE PLC,officer,5,100,True,1.0,True,True,True,tp
Glencore plc,50,entity,GLENCORE PLC,GLENCORE PLC,officer,6,100,True,1.0,True,True,True,tp
Glencore plc,50,entity,GLENCORE PLC,GLENCORE PLC,officer,7,100,True,1.0,True,True,True,tp
Glencore plc,50,entity,GLENCORE PLC,GLENCORE PLC,officer,8,100,True,1.0,True,True,True,tp
Glencore plc,50,entity,GLENCORE PLC,GLENCORE PLC,officer,9,100,True,1.0,True,True,True,tp
Hornsea 1 Limited,8,entity,NJORD LIMITED,Njord Limited,entity,0,100,True,1.0,True,True,True,tp
LVMH,81,person,Bernard Arnault,Bernard Arnault,officer,0,100,True,1.0,True,True,True,
LVMH,84,person,Drouin MARIE-JOSEE,DROUIN MARIE-JOSEE,officer,0,100,True,1.0,True,True,True,
LVMH,85,person,Arnault BERNARD,Bernard Arnault,officer,0,100,True,1.0,True,True,True,
LVMH,101,person,MARIE-JOSEE Drouin,DROUIN MARIE-JOSEE,officer,0,100,True,1.0,True,True,True,
LVMH,102,person,BERNARD Arnault,Bernard Arnault,officer,0,100,True,1.0,True,True,True,
Newcastle United FC,15,entity,Gulf International Bank B.S.C,Gulf International Bank B.S.C.,officer,0,100,True,1.0,True,True,True,tp
Unilever PLC,41,entity,UNILEVER S.K. HOLDINGS LIMITED,UNILEVER S.K. HOLDINGS LIMITED,officer,0,100,True,1.0,True,True,True,
Unilever PLC,73,person,Fernando Fernández,FERNANDO FERNANDEZ,intermediary,0,100,True,1.0,True,True,True,
Unilever PLC,75,person,"FERNANDEZ, Fernando",FERNANDO FERNANDEZ,intermediary,0,100,True,1.0,True,True,True,
Unilever PLC,78,person,"LU, Rong","Lu, Rong",officer,0,100,True,1.0,True,True,True,
Unilever PLC,81,person,"PELTZ, Nelson",Peltz - Nelson,officer,0,100,True,1.0,True,True,True,
Unilever PLC,87,person,RONG LU,"Lu, Rong",officer,0,100,True,1.0,True,True,True,
Unilever PLC,89,person,NELSON PELTZ,Peltz - Nelson,officer,0,100,True,1.0,True,True,True,
Unilever PLC,91,person,FERNANDO FERNANDEZ,FERNANDO FERNANDEZ,intermediary,0,100,True,1.0,True,True,True,
BP p.l.c.,146,entity,GUANGDONG INVESTMENTS LIMITED,GUANGDONG INVESTMENT LIMITED,officer,0,96,False,0.9825,True,True,True,
BP p.l.c.,146,entity,GUANGDONG INVESTMENTS LIMITED,Guangdong Investment Limited,officer,1,96,False,0.9825,True,True,True,
BP p.l.c.,146,entity,GUANGDONG INVESTMENTS LIMITED,Guangdong Investment  Limited,officer,2,96,False,0.9825,True,True,True,
DMGT,1,entity,DAILY MAIL AND GENERAL TRUST P L C,Daily Mail and General Trust plc,officer,0,82,False,0.9697,True,True,True,tp
DMGT,7,entity,DAILY MAIL AND GENERAL TRUST P L C,Daily Mail and General Trust plc,officer,0,82,False,0.9697,True,True,True,tp
DMGT,51,entity,DAILY MAIL AND GENERAL TRUST P L C,Daily Mail and General Trust plc,officer,0,82,False,0.9697,True,True,True,tp
DMGT,78,entity,DAILY MAIL AND GENERAL TRUST P L C,Daily Mail and General Trust plc,officer,0,82,False,0.9697,True,True,True,tp
Unilever PLC,53,entity,UNILEVER U.K. HOLDINGS LIMITED,UNILEVER S.K. HOLDINGS LIMITED,officer,0,96,False,0.9655,False,True,False,
BP p.l.c.,173,entity,BP ASIA PACIFIC HOLDINGS LIMITED,ASIA PACIFIC HOLDINGS LIMITED,officer,0,90,False,0.9508,True,True,True,
BP p.l.c.,181,entity,BP CONTINENTAL HOLDINGS LIMITED,CONTINENTAL HOLDINGS LIMITED,entity,6,90,False,0.9492,True,True,True,
BP p.l.c.,181,entity,BP CONTINENTAL HOLDINGS LIMITED,CONTINENTAL HOLDINGS LIMITED,officer,0,90,False,0.9492,True,True,True,
BP p.l.c.,181,entity,BP CONTINENTAL HOLDINGS LIMITED,CONTINENTAL HOLDINGS LIMITED,intermediary,0,90,False,0.9492,True,True,True,
BP p.l.c.,199,entity,BP INTEGRATED SOLUTIONS LIMITED,Integrated Solutions Limited,entity,2,90,False,0.9492,True,True,True,
BP p.l.c.,223,entity,BP PENSIONS LIMITED,BH PENSIONS LIMITED,entity,1,94,False,0.9474,False,True,False,
TAQA Bratani Limited,81,entity,BP SENEGAL INVESTMENTS LIMITED,SENEGAL INVESTMENTS LIMITED,entity,3,90,False,0.9474,True,True,True,
BP p.l.c.,194,entity,BP GLOBAL SOLUTIONS LIMITED,APS Global Solutions Limited.,entity,0,92,False,0.9455,True,True,True,
Care UK Social Care,9,entity,PRACTICE PLUS GROUP HOLDINGS LIMITED,PRACTICE PLAN GROUP (HOLDINGS) LIMITED,officer,0,94,False,0.9444,False,True,False,fp
BP p.l.c.,227,entity,BP RETAIL PROPERTIES LIMITED,RETAIL PROPERTIES LIMITED,entity,0,89,False,0.9434,True,True,True,
BP p.l.c.,194,entity,BP GLOBAL SOLUTIONS LIMITED,Global Solutions Limited,officer,0,88,False,0.9412,True,True,True,
DMGT,70,person,Francois Leo Morin,Morin - Francois L,officer,0,88,False,0.9412,True,True,True,
DMGT,74,person,Francois Leo Morin,Morin - Francois L,officer,0,88,False,0.9412,True,True,True,
BP p.l.c.,4,entity,BP SINGAPORE PTE. LIMITED,PFC (SINGAPORE) PTE. LIMITED,intermediary,8,72,False,0.9388,False,True,False,
BP p.l.c.,206,entity,BP LAMBDA HOLDINGS LIMITED,LAMBDA HOLDINGS LIMITED,entity,0,88,False,0.9388,True,True,True,
BP p.l.c.,206,entity,BP LAMBDA HOLDINGS LIMITED,LAMBDA HOLDINGS LIMITED,entity,2,88,False,0.9388,True,True,True,
BP p.l.c.,201,entity,BP INVESTMENT MANAGEMENT LIMITED,CM INVESTMENT MANAGEMENT LIMITED,officer,9,93,False,0.9375,False,True,False,
Care UK Social Care,16,entity,WIGMORE 1 LIMITED,WIGMORE LIMITED,entity,1,88,False,0.9375,False,True,False,fp
DMGT,12,person,THE FOURTH VISCOUNT ROTHERMERE,Rothermere - The Hon. Fourth Viscount,officer,0,88,False,0.9375,True,True,True,tp
Hornsea 1 Limited,9,entity,HORNSEA 1 LIMITED,HORNSEA LIMITED,entity,0,88,False,0.9375,False,True,False,fp
Hornsea 1 Limited,9,entity,HORNSEA 1 LIMITED,HORNSEA LIMITED,entity,1,88,False,0.9375,False,True,False,fp
Hornsea 1 Limited,44,entity,HORNSEA 1 LIMITED,HORNSEA LIMITED,entity,0,88,False,0.9375,False,True,False,fp
Hornsea 1 Limited,44,entity,HORNSEA 1 LIMITED,HORNSEA LIMITED,entity,1,88,False,0.9375,False,True,False,fp
Hornsea 1 Limited,57,entity,HORNSEA 1 LIMITED,HORNSEA LIMITED,entity,0,88,False,0.9375,False,True,False,fp
Hornsea 1 Limited,57,entity,HORNSEA 1 LIMITED,HORNSEA LIMITED,entity,1,88,False,0.9375,False,True,False,fp
Hornsea 1 Limited,58,entity,Hornsea 1 Limited,HORNSEA LIMITED,entity,0,88,False,0.9375,False,True,False,fp
Hornsea 1 Limited,58,entity,Hornsea 1 Limited,HORNSEA LIMITED,entity,1,88,False,0.9375,False,True,False,fp
Hornsea 1 Limited,65,entity,HORNSEA 1 LIMITED,HORNSEA LIMITED,entity,0,88,False,0.9375,False,True,False,fp
Hornsea 1 Limited,65,entity,HORNSEA 1 LIMITED,HORNSEA LIMITED,entity,1,88,False,0.9375,False,True,False,fp
Biffa plc,16,entity,BIFFA CORPORATE HOLDINGS LIMITED,BIFFA CORPORATE HOLDINGS LTD,officer,0,87,False,0.9333,True,True,True,tp
DMGT,35,entity,DMG EVENTS INTERNATIONAL LIMITED,INTERNATIONAL EVENTS LIMITED,entity,2,87,False,0.9333,True,True,True,
DMGT,64,person,Mr Nigel Timothy Bentley,Bentley - Nigel Timothy,officer,0,87,False,0.9333,True,True,True,
DMGT,64,person,Mr Nigel Timothy Bentley,BENTLEY NIGEL TIMOTHY,officer,1,87,False,0.9333,True,True,True,
Biffa plc,12,entity,ENERGEN BIOGAS LIMITED,BIOGAS ENERGY LIMITED,entity,1,90,False,0.9302,False,True,False,fp
TAQA Bratani Limited,46,entity,BP EAST KALIMANTAN CBM LIMITED,BP EAST KALIMANTAN LIMITED,entity,0,86,False,0.9286,True,False,True,
BP p.l.c.,138,entity,MORGAN OFFSHORE WIND LIMITED,Manx Offshore Wind Limited,entity,4,85,False,0.9259,False,False,False,
Care UK Social Care,4,person,CSC CORPORATE SERVICES (UK) LIMITED,HMSA CORPORATE SERVICES (UK) LIMITED,officer,0,91,False,0.9254,False,False,False,
A.P. Moller-Maersk,11,entity,Maersk Denizcilik Anonim Sirketi,MARINSA DENIZCILIK ANONIM SIRKETI,officer,0,87,False,0.9231,False,False,False,
BP p.l.c.,159,entity,MONA OFFSHORE WIND LIMITED,Manx Offshore Wind Limited,entity,4,92,False,0.9231,False,False,False,
BP p.l.c.,15,entity,CASTROL HOLDINGS INTERNATIONAL LIMITED,COSCO International Holdings Limited,officer,3,89,False,0.9189,False,False,False,
BP p.l.c.,15,entity,CASTROL HOLDINGS INTERNATIONAL LIMITED,COSCO INTERNATIONAL HOLDINGS LIMITED,intermediary,0,89,False,0.9189,False,False,False,
BP p.l.c.,149,entity,CASTROL HOLDINGS INTERNATIONAL LIMITED,COSCO International Holdings Limited,officer,3,89,False,0.9189,False,False,False,
BP p.l.c.,149,entity,CASTROL HOLDINGS INTERNATIONAL LIMITED,COSCO INTERNATIONAL HOLDINGS LIMITED,intermediary,0,89,False,0.9189,False,False,False,
DMGT,23,entity,MAIL FINANCE SERVICES LIMITED,Capital Finance Services Limited,officer,4,59,False,0.918,False,False,False,
BP p.l.c.,15,entity,CASTROL HOLDINGS INTERNATIONAL LIMITED,CDA INTERNATIONAL HOLDINGS LIMITED,entity,2,84,False,0.9167,False,False,False,
BP p.l.c.,15,entity,CASTROL HOLDINGS INTERNATIONAL LIMITED,ECS INTERNATIONAL HOLDINGS LIMITED,officer,5,84,False,0.9167,False,False,False,
BP p.l.c.,15,entity,CASTROL HOLDINGS INTERNATIONAL LIMITED,ECS INTERNATIONAL HOLDINGS LIMITED,officer,7,84,False,0.9167,False,False,False,
BP p.l.c.,149,entity,CASTROL HOLDINGS INTERNATIONAL LIMITED,CDA INTERNATIONAL HOLDINGS LIMITED,entity,2,84,False,0.9167,False,False,False,
BP p.l.c.,149,entity,CASTROL HOLDINGS INTERNATIONAL LIMITED,ECS INTERNATIONAL HOLDINGS LIMITED,officer,5,84,False,0.9167,False,False,False,
BP p.l.c.,149,entity,CASTROL HOLDINGS INTERNATIONAL LIMITED,ECS INTERNATIONAL HOLDINGS LIMITED,officer,7,84,False,0.9167,False,False,False,
BP p.l.c.,191,entity,BP GAMMA HOLDINGS LIMITED,GAMMA HOLDING LIMITED,officer,6,84,False,0.913,True,False,True,
Care UK Social Care,17,entity,CHS HEALTHCARE LIMITED,China Healthcare Limited,officer,3,87,False,0.913,False,False,False,
DMGT,71,person,Mrs Aine Deirdre O'Reilly,O'Reilly - Áine Deirdre,officer,0,84,False,0.913,True,False,True,
DMGT,73,person,Mrs Aine Deirdre O'Reilly,O'Reilly - Áine Deirdre,officer,0,84,False,0.913,True,False,True,
Care UK Social Care,24,entity,CARE UK INVESTMENTS LIMITED,Ashmore Investments (UK) Limited,officer,0,83,False,0.9123,False,False,False,
BP p.l.c.,122,entity,PEARL RIVER DELTA INVESTMENTS LIMITED,Pearl River Investments Limited,entity,0,83,False,0.9118,True,False,True,
BP p.l.c.,173,entity,BP ASIA PACIFIC HOLDINGS LIMITED,Jamber Asia Pacific Holdings Limited,officer,4,72,False,0.9118,False,False,False,
BP p.l.c.,2,entity,TA OPERATING LLC,"ITM Operating, LLC",entity,1,58,False,0.9091,False,False,False,
BP p.l.c.,190,entity,BP FINANCE P.L.C,P G FINANCE P.L.C.,entity,8,58,False,0.9091,False,False,False,
Care UK Social Care,21,entity,CARE UK DEVELOPMENTS 3 LIMITED,Care Developments Limited,officer,0,83,False,0.9091,False,False,False,
Newcastle United FC,39,entity,NCUK INVESTMENT LIMITED,TK INVESTMENT LIMITED,intermediary,0,86,False,0.9091,False,False,False,
Newcastle United FC,41,entity,REDSTART LEISURE LIMITED,LEISURE STAR LIMITED,officer,6,83,False,0.9091,False,False,False,
BP p.l.c.,186,entity,BP EXPLORATION COMPANY LIMITED,BAHAMA EXPLORATION COMPANY LIMITED,entity,7,85,False,0.9062,False,False,False,
DMGT,2,entity,"RISK MANAGEMENT SOLUTIONS, INC.","NorAm Risk Management Solutions, Inc.",entity,1,82,False,0.9062,True,False,True,jc
DMGT,35,entity,DMG EVENTS INTERNATIONAL LIMITED,PRO EVENTS INTERNATIONAL LIMITED,entity,6,75,False,0.9062,False,False,False,
Newcastle United FC,12,entity,NADE Investment Company LLC,Val Company Investment LLC,officer,0,88,False,0.9057,False,False,False,
BP p.l.c.,185,entity,BP ETA HOLDINGS LIMITED,BP HOLDINGS LIMITED,entity,1,82,False,0.9048,True,False,True,
DMGT,54,entity,ANDOR HOLDCO LIMITED,Zandera (HoldCo) Limited,entity,9,36,False,0.9048,False,False,False,
DMGT,54,entity,ANDOR HOLDCO LIMITED,Zandera (HoldCo) Limited,officer,6,36,False,0.9048,False,False,False,
Unilever PLC,52,entity,UNILEVER GROUP LIMITED,CLEVER GROUP LIMITED,entity,9,27,False,0.9048,False,False,False,
Unilever PLC,52,entity,UNILEVER GROUP LIMITED,CLEVER GROUP LIMITED,intermediary,2,27,False,0.9048,False,False,False,
Care UK Social Care,4,person,CSC CORPORATE SERVICES (UK) LIMITED,RC Corporate Services Limited,entity,9,69,False,0.9032,False,False,False,
BP p.l.c.,236,entity,BP ZETA HOLDINGS LIMITED,Zeta Group Holdings Limited,entity,8,85,False,0.902,True,False,True,
Glencore plc,5,entity,GLENCORE GROUP FUNDING AG,Glencore Group Funding Ltd.,officer,0,73,False,0.902,True,False,True,tp
BP p.l.c.,182,entity,BP CORPORATE HOLDINGS LIMITED,Ever Corporate Holdings Limited,officer,5,74,False,0.9,False,False,False,
DMGT,3,entity,DMG ATLANTIC LIMITED,KMP Atlantic Limited,officer,3,90,False,0.9,False,False,False,
DMGT,20,entity,ASSOCIATED PRINT HOLDINGS LIMITED,ASSOCIATED HOLDINGS LIMITED,entity,6,81,False,0.9,True,False,True,jc
DMGT,20,entity,ASSOCIATED PRINT HOLDINGS LIMITED,ASSOCIATED HOLDINGS LIMITED,officer,1,81,False,0.9,True,False,True,jc
BP p.l.c.,71,entity,BP EASTERN MEDITERRANEAN LIMITED,PERENCO EASTERN MEDITERRANEAN LIMITED,entity,5,70,False,0.8986,False,False,False,
BP p.l.c.,183,entity,BP EASTERN MEDITERRANEAN LIMITED,PERENCO EASTERN MEDITERRANEAN LIMITED,entity,5,70,False,0.8986,False,False,False,
BP p.l.c.,3,entity,BP ENERGY EUROPE LIMITED,MMC ENERGY EUROPE LIMITED,entity,6,72,False,0.898,True,False,True,
BP p.l.c.,4,entity,BP SINGAPORE PTE. LIMITED,SIF (Singapore) Pte Limited,officer,0,72,False,0.898,False,False,False,
BP p.l.c.,184,entity,BP ENERGY EUROPE LIMITED,MMC ENERGY EUROPE LIMITED,entity,6,72,False,0.898,True,False,True,
BP p.l.c.,196,entity,BP HOLDINGS CANADA LIMITED,ANANDA HOLDINGS LIMITED,intermediary,8,80,False,0.898,False,False,False,
BP p.l.c.,203,entity,BP IOTA HOLDINGS LIMITED,BP Trade Holdings Limited,entity,3,56,False,0.898,False,False,False,
A.P. Moller-Maersk,42,entity,MAERSK COMPANY LIMITED(THE),The Maersk Company (I.O.M.) Limited,entity,0,81,False,0.8966,True,False,True,
BP p.l.c.,261,person,DAVID ALAN HAGER,HAGER DAVID A.,officer,1,81,False,0.8966,True,False,True,
Biffa plc,17,entity,BIFFA CORPORATE SERVICES LIMITED,CORPORATE SERVICES LIMITED,officer,2,81,False,0.8966,False,False,False,
Biffa plc,17,entity,BIFFA CORPORATE SERVICES LIMITED,CORPORATE SERVICES LIMITED,officer,3,81,False,0.8966,False,False,False,
Biffa plc,17,entity,BIFFA CORPORATE SERVICES LIMITED,CORPORATE SERVICES LIMITED,officer,4,81,False,0.8966,False,False,False,
Biffa plc,17,entity,BIFFA CORPORATE SERVICES LIMITED,CORPORATE SERVICES LIMITED,officer,5,81,False,0.8966,False,False,False,
Biffa plc,17,entity,BIFFA CORPORATE SERVICES LIMITED,LIMITED CORPORATE SERVICES,officer,6,81,False,0.8966,False,False,False,
Biffa plc,17,entity,BIFFA CORPORATE SERVICES LIMITED,CORPORATE SERVICES LIMITED,officer,7,81,False,0.8966,False,False,False,
Biffa plc,17,entity,BIFFA CORPORATE SERVICES LIMITED,CORPORATE SERVICES LIMITED,officer,8,81,False,0.8966,False,False,False,
Biffa plc,17,entity,BIFFA CORPORATE SERVICES LIMITED,CORPORATE SERVICES LIMITED,officer,9,81,False,0.8966,False,False,False,
Biffa plc,31,entity,WAKEFIELD WASTE HOLDINGS LIMITED,WAKEFIELD HOLDINGS LIMITED,entity,2,81,False,0.8966,True,False,True,
Newcastle United FC,47,entity,PZ NEWCO LIMITED,NEWCO LIMITED,entity,0,81,False,0.8966,True,False,True,
BP p.l.c.,173,entity,BP ASIA PACIFIC HOLDINGS LIMITED,CROWN ASIA PACIFIC HOLDINGS LIMITED,officer,2,85,False,0.8955,False,False,False,
TAQA Bratani Limited,87,entity,IRAQ PETROLEUM COMPANY LIMITED,TRITON IRAQ PETROLEUM COMPANY LIMITED,entity,1,81,False,0.8955,True,False,True,
BP p.l.c.,104,entity,Pan American Energy,AMERICAN ENERGY INC.,entity,4,84,False,0.8947,True,False,True,
Glencore plc,47,entity,Harris Associates,"HARRIS ASSOCIATES, INC.",entity,0,80,False,0.8947,True,False,True,
Glencore plc,47,entity,Harris Associates,HARRIS ASSOCIATES INC.,entity,1,80,False,0.8947,True,False,True,
Newcastle United FC,39,entity,NCUK INVESTMENT LIMITED,GENCO INVESTMENT LIMITED,entity,5,54,False,0.8936,False,False,False,
Newcastle United FC,41,entity,REDSTART LEISURE LIMITED,Leisure Resorts Limited,entity,5,83,False,0.8936,False,False,False,
TAQA Bratani Limited,27,entity,ENQUEST HEATHER LIMITED,Heather Equities Limited,entity,5,79,False,0.8936,False,False,False,
BP p.l.c.,148,entity,CASTROL GROUP HOLDINGS LIMITED,CCS Holdings Group Limited,officer,8,83,False,0.8929,False,False,False,
DMGT,43,entity,DMGT PENSION TRUSTEES LIMITED,BP Pension Trustees Limited,officer,0,86,False,0.8929,False,False,False,
TAQA Bratani Limited,95,entity,AZULE ENERGY HOLDINGS LIMITED,Sun Energy Holdings Limited,officer,6,65,False,0.8929,False,False,False,
TAQA Bratani Limited,95,entity,AZULE ENERGY HOLDINGS LIMITED,CES ENERGY HOLDINGS LIMITED,officer,7,82,False,0.8929,False,False,False,
TAQA Bratani Limited,66,entity,BP EXPLORATION MEDITERRANEAN LIMITED,MEDITERRANEAN EXPLORATION LTD.,entity,3,80,False,0.8923,True,False,True,
BP p.l.c.,15,entity,CASTROL HOLDINGS INTERNATIONAL LIMITED,CINDA INTERNATIONAL HOLDINGS LIMITED,officer,4,84,False,0.8919,False,False,False,
BP p.l.c.,149,entity,CASTROL HOLDINGS INTERNATIONAL LIMITED,CINDA INTERNATIONAL HOLDINGS LIMITED,officer,4,84,False,0.8919,False,False,False,
BP p.l.c.,63,entity,BP ENERGY HOLDING COMPANY LLC,EP Energy Holding Company,officer,1,65,False,0.8889,True,False,False,
BP p.l.c.,209,entity,BP MIDDLE EAST LIMITED,TWR MIDDLE EAST LIMITED,entity,8,69,False,0.8889,False,False,False,
Biffa plc,1,entity,BIFFA WASTE SERVICES LIMITED,R & A Waste Services Limited,entity,7,78,False,0.8889,False,False,False,
LVMH,9,entity,LVMH Asia Pacific Limited,ASIA PACIFIC LIMITED,entity,5,80,False,0.8889,True,False,True,
Newcastle United FC,39,entity,NCUK INVESTMENT LIMITED,MTC INVESTMENT LIMITED,officer,7,82,False,0.8889,False,False,False,
BP p.l.c.,1,entity,BP GLOBAL INVESTMENTS LIMITED,CHEER GLOBAL INVESTMENTS LIMITED,officer,6,84,False,0.8852,False,False,False,
BP p.l.c.,193,entity,BP GLOBAL INVESTMENTS LIMITED,CHEER GLOBAL INVESTMENTS LIMITED,officer,6,84,False,0.8852,False,False,False,
BP p.l.c.,231,entity,BP SOUTH AMERICA HOLDINGS LTD,MARCH SOUTH AMERICA HOLDINGS LTD.,entity,7,71,False,0.8852,False,False,False,
Biffa plc,17,entity,BIFFA CORPORATE SERVICES LIMITED,RC Corporate Services Limited,entity,3,71,False,0.8852,False,False,False,
TAQA Bratani Limited,54,entity,BP EXPLORATION (DELTA) LIMITED,Bell Exploration Limited,officer,5,82,False,0.8846,False,False,False,
BP p.l.c.,89,entity,Bp International Ltd,BURAQ INTERNATIONAL LTD.,entity,5,82,False,0.8837,False,False,False,
BP p.l.c.,203,entity,BP IOTA HOLDINGS LIMITED,BP HOLDINGS LIMITED,entity,0,79,False,0.8837,True,False,True,
BP p.l.c.,226,entity,BP PROPERTIES LIMITED,SHK PROPERTIES LIMITED,intermediary,2,68,False,0.8837,False,False,False,
BP p.l.c.,236,entity,BP ZETA HOLDINGS LIMITED,BP HOLDINGS LIMITED,entity,1,79,False,0.8837,True,False,True,
BP p.l.c.,201,entity,BP INVESTMENT MANAGEMENT LIMITED,MADDOX INVESTMENT MANAGEMENT LIMITED,entity,2,72,False,0.8824,False,False,False,
Hornsea 1 Limited,49,person,THOMAS KROGH JENSEN,THOMAS G. JENSEN,intermediary,0,57,False,0.8824,True,False,False,
Hornsea 1 Limited,51,person,THOMAS KROGH JENSEN,THOMAS G. JENSEN,intermediary,0,57,False,0.8824,True,False,False,
TAQA Bratani Limited,87,entity,IRAQ PETROLEUM COMPANY LIMITED,IRAQ PETROLEUM HOLDING COMPANY LIMITED,entity,2,78,False,0.8824,True,False,True,
Unilever PLC,55,entity,UNILEVER OVERSEAS HOLDINGS LIMITED,LAKEVIEW OVERSEAS HOLDINGS LIMITED,officer,8,47,False,0.8824,False,False,False,
BP p.l.c.,127,entity,AVIATION SERVICE (IRAQ) LIMITED,AVIATION SERVICE GROUP LIMITED,entity,9,86,False,0.8814,True,False,True,
BP p.l.c.,202,entity,BP INVESTMENTS ASIA LIMITED,"Pacific Investments (Asia), Limited",officer,3,65,False,0.8814,False,False,False,
Care UK Social Care,4,person,CSC CORPORATE SERVICES (UK) LIMITED,CORPORATE SERVICES LIMITED,officer,8,78,False,0.8814,False,False,False,
Care UK Social Care,4,person,CSC CORPORATE SERVICES (UK) LIMITED,CORPORATE SERVICES LIMITED,officer,9,78,False,0.8814,False,False,False,
Care UK Social Care,30,entity,COMMUNITY HEALTH SERVICES LIMITED,Community Services Limited,entity,1,78,False,0.8814,True,False,True,
DMGT,43,entity,DMGT PENSION TRUSTEES LIMITED,TOWER PENSION TRUSTEES LIMITED,officer,1,63,False,0.8814,False,False,False,
TAQA Bratani Limited,54,entity,BP EXPLORATION (DELTA) LIMITED,BP EXPLORATION VENZUELA LIMITED,entity,1,51,False,0.8814,False,False,False,
TAQA Bratani Limited,76,entity,BP MAURITANIA INVESTMENTS LIMITED,MAURITANIA INVESTMENTS LTD.,entity,1,78,False,0.8814,True,False,True,
TAQA Bratani Limited,95,entity,AZULE ENERGY HOLDINGS LIMITED,LEGACY ENERGY HOLDINGS LIMITED,officer,9,56,False,0.8814,False,False,False,
A.P. Moller-Maersk,39,entity,Svitzer Middle East Limited,TWR MIDDLE EAST LIMITED,entity,8,81,False,0.88,False,False,False,
A.P. Moller-Maersk,42,entity,MAERSK COMPANY LIMITED(THE),THE SOCK COMPANY LIMITED,officer,9,80,False,0.88,False,False,False,
BP p.l.c.,36,entity,BP CARBON TRADING LIMITED,CARBON TRADING CO. LIMITED,entity,7,76,False,0.88,True,False,True,
BP p.l.c.,74,entity,BP ALTERNATIVE ENERGY INVESTMENTS LIMITED,EA ALTERNATIVE INVESTMENTS LIMITED,officer,4,80,False,0.88,False,False,False,
BP p.l.c.,80,entity,BP INTERNATIONAL LIMITED,FEMS INTERNATIONAL LIMITED,intermediary,9,84,False,0.88,False,False,False,
BP p.l.c.,171,entity,BP ALTERNATIVE ENERGY INVESTMENTS LIMITED,EA ALTERNATIVE INVESTMENTS LIMITED,officer,4,80,False,0.88,False,False,False,
BP p.l.c.,200,entity,BP INTERNATIONAL LIMITED,FEMS INTERNATIONAL LIMITED,intermediary,9,84,False,0.88,False,False,False,
BP p.l.c.,233,entity,BP THETA HOLDINGS LIMITED,BP Trade Holdings Limited,entity,4,84,False,0.88,False,False,False,
DMGT,22,entity,WORKMATE TECHNOLOGY LIMITED,LORA TECHNOLOGY LIMITED,entity,2,48,False,0.88,False,False,False,
DMGT,53,entity,EXCALIBUR HOLDCO LIMITED,EXCALIBUR HOLDINGS LIMITED,officer,2,84,False,0.88,True,False,True,
BP p.l.c.,152,entity,CONSOLIDATED PETROLEUM COMPANY LIMITED(THE),CONSOLIDATED PETROLEUM PURCHASING COMPANY LIMITED,entity,1,81,False,0.8791,True,False,True,
BP p.l.c.,152,entity,CONSOLIDATED PETROLEUM COMPANY LIMITED(THE),CONSOLIDATED PETROLEUM PURCHASING COMPANY LIMITED,entity,2,81,False,0.8791,True,False,True,
BP p.l.c.,186,entity,BP EXPLORATION COMPANY LIMITED,FREEPORT EXPLORATION COMPANY LIMITED,entity,8,66,False,0.8788,False,False,False,
BP p.l.c.,186,entity,BP EXPLORATION COMPANY LIMITED,HALBOUTY EXPLORATION COMPANY LIMITED,entity,9,66,False,0.8788,False,False,False,
Biffa plc,17,entity,BIFFA CORPORATE SERVICES LIMITED,ASIAPAC CORPORATE SERVICES LIMITED,intermediary,3,85,False,0.8788,False,False,False,
DMGT,35,entity,DMG EVENTS INTERNATIONAL LIMITED,FRESH EVENTS INTERNATIONAL LIMITED,entity,7,70,False,0.8788,False,False,False,
BP p.l.c.,64,entity,BP CHEMICALS LIMITED,SUN CHEMICALS LIMITED,officer,1,66,False,0.878,False,False,False,
BP p.l.c.,89,entity,Bp International Ltd,VFS INTERNATIONAL LTD,intermediary,6,66,False,0.878,False,False,False,
BP p.l.c.,180,entity,BP CHEMICALS LIMITED,SUN CHEMICALS LIMITED,officer,1,66,False,0.878,False,False,False,
Biffa plc,30,entity,ELWA HOLDINGS LIMITED,LMC HOLDINGS LIMITED,intermediary,1,57,False,0.878,False,False,False,
Care UK Social Care,29,entity,PJLS HOLDINGS LIMITED,LMC HOLDINGS LIMITED,intermediary,1,80,False,0.878,False,False,False,
DMGT,19,person,NICHOLAS PAUL RATCLIFFE,NICHOLAS RATCLIFFE,intermediary,0,78,False,0.878,True,False,True,tp
Newcastle United FC,44,entity,MASH HOLDINGS LIMITED,LMC HOLDINGS LIMITED,intermediary,1,80,False,0.878,False,False,False,
Unilever PLC,75,person,"FERNANDEZ, Fernando",FERNANDO RAUL FERNANDEZ,officer,0,78,False,0.878,True,False,True,
Unilever PLC,75,person,"FERNANDEZ, Fernando",FERNANDO RAUL FERNANDEZ,officer,1,78,False,0.878,True,False,True,
Unilever PLC,91,person,FERNANDO FERNANDEZ,FERNANDO RAUL FERNANDEZ,officer,0,78,False,0.878,True,False,True,
Unilever PLC,91,person,FERNANDO FERNANDEZ,FERNANDO RAUL FERNANDEZ,officer,1,78,False,0.878,True,False,True,
BP p.l.c.,25,entity,BRITANNIC ENERGY TRADING LIMITED,BRITANNIC TRADING LIMITED,entity,0,78,False,0.8772,True,False,True,jc
BP p.l.c.,65,entity,BP Pension Trustees Limited,TOWER PENSION TRUSTEES LIMITED,officer,3,70,False,0.8772,False,False,False,
BP p.l.c.,140,entity,BRITANNIC ENERGY TRADING LIMITED,BRITANNIC TRADING LIMITED,entity,0,78,False,0.8772,True,False,True,jc
BP p.l.c.,202,entity,BP INVESTMENTS ASIA LIMITED,ASIA HOTEL INVESTMENTS LIMITED,officer,2,83,False,0.8772,False,False,False,
BP p.l.c.,222,entity,BP PENSION TRUSTEES LIMITED,TOWER PENSION TRUSTEES LIMITED,officer,3,70,False,0.8772,False,False,False,
LVMH,18,entity,MOET HENNESSY INTERNATIONAL,HENNESSY INTERNATIONAL LIMITED,entity,1,83,False,0.8772,True,False,True,tp
LVMH,18,entity,MOET HENNESSY INTERNATIONAL,HENNESSY INTERNATIONAL LIMITED,entity,2,83,False,0.8772,True,False,True,tp
TAQA Bratani Limited,92,entity,ATLANTIC 2/3 UK HOLDINGS LIMITED,ATLANTIC HOLDINGS LIMITED,officer,0,78,False,0.8772,False,False,False,
TAQA Bratani Limited,95,entity,AZULE ENERGY HOLDINGS LIMITED,Loon Energy Holdings Limited,officer,4,62,False,0.8772,False,False,False,
BP p.l.c.,17,entity,BRITANNIC TRADING LIMITED,BRITTEN TRADING LIMITED,entity,7,84,False,0.875,False,False,False,
BP p.l.c.,143,entity,BRITANNIC TRADING LIMITED,BRITTEN TRADING LIMITED,entity,7,84,False,0.875,False,False,False,
BP p.l.c.,185,entity,BP ETA HOLDINGS LIMITED,BP Trade Holdings Limited,entity,5,60,False,0.875,False,False,False,
Biffa plc,17,entity,BIFFA CORPORATE SERVICES LIMITED,ANDCO CORPORATE SERVICES LIMITED,intermediary,6,84,False,0.875,False,False,False,
Biffa plc,17,entity,BIFFA CORPORATE SERVICES LIMITED,ORION CORPORATE SERVICES LIMITED,intermediary,9,62,False,0.875,False,False,False,
Care UK Social Care,23,entity,CARE UK HOLDINGS LIMITED,GMAC Holdings UK Limited,officer,2,83,False,0.875,False,False,False,
LVMH,62,entity,BENEFIT COSMETICS LIMITED,Elite Cosmetics Limited,entity,1,52,False,0.875,False,False,False,
BP p.l.c.,211,entity,BP NEW VENTURES MIDDLE EAST LIMITED,PROJECT VENTURES MIDDLE EAST LIMITED,entity,5,75,False,0.8732,False,False,False,
BP p.l.c.,181,entity,BP CONTINENTAL HOLDINGS LIMITED,Continental Holdings Ltd.,officer,2,77,False,0.8727,True,False,True,
A.P. Moller-Maersk,56,person,Michael Pram Rasmussen,MICHAEL RASMUSSEN,officer,0,77,False,0.8718,True,False,True,
A.P. Moller-Maersk,56,person,Michael Pram Rasmussen,MICHAEL RASMUSSEN,officer,1,77,False,0.8718,True,False,True,
A.P. Moller-Maersk,56,person,Michael Pram Rasmussen,MICHAEL RASMUSSEN,officer,2,77,False,0.8718,True,False,True,
A.P. Moller-Maersk,56,person,Michael Pram Rasmussen,MICHAEL RASMUSSEN,officer,3,77,False,0.8718,True,False,True,
BP p.l.c.,14,entity,BP SHIPPING LIMITED,CMG SHIPPING LIMITED,intermediary,1,85,False,0.8718,False,False,False,
BP p.l.c.,15,entity,CASTROL HOLDINGS INTERNATIONAL LIMITED,EL DORADO INTERNATIONAL HOLDINGS LIMITED,entity,5,82,False,0.8718,False,False,False,
BP p.l.c.,15,entity,CASTROL HOLDINGS INTERNATIONAL LIMITED,CAVENDISH INTERNATIONAL HOLDINGS LIMITED,officer,0,82,False,0.8718,False,False,False,
BP p.l.c.,149,entity,CASTROL HOLDINGS INTERNATIONAL LIMITED,EL DORADO INTERNATIONAL HOLDINGS LIMITED,entity,5,82,False,0.8718,False,False,False,
BP p.l.c.,149,entity,CASTROL HOLDINGS INTERNATIONAL LIMITED,CAVENDISH INTERNATIONAL HOLDINGS LIMITED,officer,0,82,False,0.8718,False,False,False,
BP p.l.c.,230,entity,BP SHIPPING LIMITED,CMG SHIPPING LIMITED,intermediary,1,85,False,0.8718,False,False,False,
Biffa plc,22,entity,BIFFA HOLDCO LIMITED,Barb Holdco Limited,entity,2,80,False,0.8718,False,False,False,
Biffa plc,22,entity,BIFFA HOLDCO LIMITED,Barb Holdco Limited,officer,2,80,False,0.8718,False,False,False,
DMGT,25,entity,ENTALE MEDIA LIMITED,Trade Media Limited,officer,4,35,False,0.8718,False,False,False,
DMGT,54,entity,ANDOR HOLDCO LIMITED,Barb Holdco Limited,entity,2,75,False,0.8718,False,False,False,
DMGT,54,entity,ANDOR HOLDCO LIMITED,Barb Holdco Limited,officer,2,75,False,0.8718,False,False,False,
LVMH,58,entity,MACDONALD & MUIR LIMITED,MACDONALD LIMITED,entity,1,77,False,0.8718,True,False,True,
Rosneft,46,entity,NAYARA ENERGY LIMITED,APR Energy Limited,officer,5,47,False,0.8718,False,False,False,
TAQA Bratani Limited,34,entity,ARCIUS ENERGY LIMITED,APR Energy Limited,officer,5,76,False,0.8718,False,False,False,
BP p.l.c.,1,entity,BP GLOBAL INVESTMENTS LIMITED,TAURUS GLOBAL INVESTMENTS LIMITED,entity,2,69,False,0.871,False,False,False,
BP p.l.c.,1,entity,BP GLOBAL INVESTMENTS LIMITED,Indigo Global Investments Limited,officer,7,69,False,0.871,False,False,False,
BP p.l.c.,1,entity,BP GLOBAL INVESTMENTS LIMITED,Richly Global Investments Limited,officer,8,69,False,0.871,False,False,False,
BP p.l.c.,192,entity,BP GAS & POWER INVESTMENTS LIMITED,Power Ally Investments Limited,officer,5,81,False,0.871,False,False,False,
BP p.l.c.,193,entity,BP GLOBAL INVESTMENTS LIMITED,TAURUS GLOBAL INVESTMENTS LIMITED,entity,2,69,False,0.871,False,False,False,
BP p.l.c.,193,entity,BP GLOBAL INVESTMENTS LIMITED,Indigo Global Investments Limited,officer,7,69,False,0.871,False,False,False,
BP p.l.c.,193,entity,BP GLOBAL INVESTMENTS LIMITED,Richly Global Investments Limited,officer,8,69,False,0.871,False,False,False,
BP p.l.c.,244,entity,BLUE OCEAN SEISMIC SERVICES LIMITED,BLUE OCEAN SERVICES LIMITED,entity,0,77,False,0.871,True,False,True,
BP p.l.c.,71,entity,BP EASTERN MEDITERRANEAN LIMITED,MEDSERV EASTERN MEDITERRANEAN LIMITED,entity,4,70,False,0.8696,False,False,False,
BP p.l.c.,183,entity,BP EASTERN MEDITERRANEAN LIMITED,MEDSERV EASTERN MEDITERRANEAN LIMITED,entity,4,70,False,0.8696,False,False,False,
BP p.l.c.,201,entity,BP INVESTMENT MANAGEMENT LIMITED,XANTHOS INVESTMENT MANAGEMENT LIMITED,officer,7,70,False,0.8696,False,False,False,
Care UK Social Care,23,entity,CARE UK HOLDINGS LIMITED,FX UK HOLDINGS LIMITED,officer,7,83,False,0.8696,False,False,False,
BP p.l.c.,15,entity,CASTROL HOLDINGS INTERNATIONAL LIMITED,Forrest International Holdings Limited,entity,0,81,False,0.8684,False,False,False,
BP p.l.c.,149,entity,CASTROL HOLDINGS INTERNATIONAL LIMITED,Forrest International Holdings Limited,entity,0,81,False,0.8684,False,False,False,
Newcastle United FC,22,entity,NEWCASTLE UNITED ENTERPRISES LIMITED,NEWCASTLE INVESTMENT ENTERPRISES LIMITED,entity,5,55,False,0.8684,True,False,False,
Glencore plc,46,entity,Qatar Investment Authority,Kuwait Investment Authority,officer,2,81,False,0.8679,False,False,False,
Newcastle United FC,12,entity,NADE Investment Company LLC,"RFT Investment Company, LLC",officer,1,85,False,0.8679,False,False,False,
Unilever PLC,64,entity,UNILEVER INDIA EXPORTS LIMITED,UNILEVER EXPORT LIMITED,entity,3,76,False,0.8679,True,False,False,
DMGT,5,entity,TREPP UK LIMITED,EPM UK LIMITED,entity,9,37,False,0.8667,False,False,False,
DMGT,57,entity,TREPP UK LIMITED,EPM UK LIMITED,entity,9,37,False,0.8667,False,False,False,
Nordea Bank Abp,0,entity,Nordea Bank Abp,NORDEA BANK S.A.,intermediary,1,73,False,0.8667,True,False,False,
Nordea Bank Abp,0,entity,Nordea Bank Abp,NORDEA BANK S.A.,intermediary,2,73,False,0.8667,True,False,False,
Nordea Bank Abp,22,entity,Nordea Bank Abp,NORDEA BANK S.A.,intermediary,1,73,False,0.8667,True,False,False,
Nordea Bank Abp,22,entity,Nordea Bank Abp,NORDEA BANK S.A.,intermediary,2,73,False,0.8667,True,False,False,
TAQA Bratani Limited,25,entity,ENQUEST FORWARD HOLDINGS LIMITED,NEW FORWARD HOLDINGS LIMITED,officer,1,62,False,0.8667,False,False,False,
BP p.l.c.,199,entity,BP INTEGRATED SOLUTIONS LIMITED,INTEGRATED FINANCE SOLUTIONS LIMITED,entity,9,80,False,0.8657,True,False,False,
Biffa plc,17,entity,BIFFA CORPORATE SERVICES LIMITED,FULLMARK (CORPORATE SERVICES) LIMITED,intermediary,7,57,False,0.8657,False,False,False,
Care UK Social Care,4,person,CSC CORPORATE SERVICES (UK) LIMITED,ASIAPAC CORPORATE SERVICES LIMITED,intermediary,6,55,False,0.8657,False,False,False,
Unilever PLC,55,entity,UNILEVER OVERSEAS HOLDINGS LIMITED,Stanley Overseas Holdings Limited,officer,5,79,False,0.8657,False,False,False,
Biffa plc,15,entity,BIFFA BIDCO LIMITED,Barb Bidco Limited,entity,0,63,False,0.8649,False,False,False,
Biffa plc,20,entity,BIFFA GROUP LIMITED,Bath Group Limited,officer,5,78,False,0.8649,False,False,False,
Biffa plc,22,entity,BIFFA HOLDCO LIMITED,BM HOLDCO LIMITED,entity,3,80,False,0.8649,False,False,False,
Biffa plc,24,entity,BIFFA MIDCO LIMITED,Barb Midco Limited,entity,2,78,False,0.8649,False,False,False,
Biffa plc,24,entity,BIFFA MIDCO LIMITED,Barb Midco Limited,officer,1,78,False,0.8649,False,False,False,
Biffa plc,30,entity,ELWA HOLDINGS LIMITED,HOLDINGS LIMITED,officer,0,76,False,0.8649,False,False,False,
Care UK Social Care,29,entity,PJLS HOLDINGS LIMITED,HOLDINGS LIMITED,officer,0,76,False,0.8649,False,False,False,
Newcastle United FC,44,entity,MASH HOLDINGS LIMITED,HOLDINGS LIMITED,officer,0,76,False,0.8649,False,False,False,
BP p.l.c.,166,entity,BP (GIBRALTAR) LIMITED,ABACUS (GIBRALTAR) LIMITED,officer,6,79,False,0.8636,False,False,False,
BP p.l.c.,166,entity,BP (GIBRALTAR) LIMITED,ABACUS (GIBRALTAR) LIMITED,officer,9,79,False,0.8636,False,False,False,
BP p.l.c.,191,entity,BP GAMMA HOLDINGS LIMITED,BP HOLDINGS LIMITED,entity,1,76,False,0.8636,True,False,False,
BP p.l.c.,204,entity,BP KAPPA HOLDINGS LIMITED,BP HOLDINGS LIMITED,entity,2,76,False,0.8636,True,False,False,
BP p.l.c.,226,entity,BP PROPERTIES LIMITED,CORY PROPERTIES LIMITED,entity,2,82,False,0.8636,False,False,False,
BP p.l.c.,233,entity,BP THETA HOLDINGS LIMITED,BP HOLDINGS LIMITED,entity,0,76,False,0.8636,True,False,False,
Biffa plc,30,entity,ELWA HOLDINGS LIMITED,WAVIAN HOLDINGS LIMITED,entity,8,47,False,0.8636,False,False,False,
Biffa plc,30,entity,ELWA HOLDINGS LIMITED,Hermax Holdings Limited,officer,4,82,False,0.8636,False,False,False,
Care UK Social Care,17,entity,CHS HEALTHCARE LIMITED,UMP Healthcare Limited,officer,7,63,False,0.8636,False,False,False,
Newcastle United FC,39,entity,NCUK INVESTMENT LIMITED,Ap Investment Limited,officer,4,65,False,0.8636,False,False,False,
Newcastle United FC,44,entity,MASH HOLDINGS LIMITED,Hermax Holdings Limited,officer,4,47,False,0.8636,False,False,False,
TAQA Bratani Limited,31,entity,ENQUEST THISTLE LIMITED,THISTLE DAEUS LIMITED,entity,7,78,False,0.8636,False,False,False,
BP p.l.c.,4,entity,BP SINGAPORE PTE. LIMITED,INTXT SINGAPORE PTE. LIMITED,entity,3,81,False,0.8627,False,False,False,
BP p.l.c.,77,entity,BP ENERGY ASIA PTE. LIMITED,ASIA PRIME ENERGY LIMITED,officer,1,76,False,0.8627,False,False,False,
BP p.l.c.,80,entity,BP INTERNATIONAL LIMITED,MAENE INTERNATIONAL LIMITED,intermediary,1,66,False,0.8627,False,False,False,
BP p.l.c.,141,entity,BRITANNIC MARKETING LIMITED,ARCTIC MARKETING LIMITED,officer,9,81,False,0.8627,False,False,False,
BP p.l.c.,200,entity,BP INTERNATIONAL LIMITED,MAENE INTERNATIONAL LIMITED,intermediary,1,66,False,0.8627,False,False,False,
BP p.l.c.,206,entity,BP LAMBDA HOLDINGS LIMITED,BP Trade Holdings Limited,entity,3,57,False,0.8627,False,False,False,
LVMH,9,entity,LVMH Asia Pacific Limited,Vason Asia Pacific Limited,officer,8,57,False,0.8627,False,False,False,
BP p.l.c.,17,entity,BRITANNIC TRADING LIMITED,BRITANNIC TRADING COMPANY LIMITED,entity,2,75,False,0.8621,True,False,False,
BP p.l.c.,143,entity,BRITANNIC TRADING LIMITED,BRITANNIC TRADING COMPANY LIMITED,entity,2,75,False,0.8621,True,False,False,
Rosneft,38,entity,TNK Trading International S.A.,EMI INTERNATIONAL TRADING S.A.,entity,1,72,False,0.8621,False,False,False,
TAQA Bratani Limited,62,entity,BP EXPLORATION BETA LIMITED,BP EXPLORATION VENZUELA LIMITED,entity,0,54,False,0.8621,False,False,False,
TAQA Bratani Limited,69,entity,BP EXPLORATION PERU LIMITED,BP EXPLORATION VENZUELA LIMITED,entity,0,80,False,0.8621,False,False,False,
TAQA Bratani Limited,95,entity,AZULE ENERGY HOLDINGS LIMITED,OUHUA ENERGY HOLDINGS LIMITED,officer,3,58,False,0.8621,False,False,False,
BP p.l.c.,25,entity,BRITANNIC ENERGY TRADING LIMITED,BRITANNIC TRADING COMPANY LIMITED,entity,3,81,False,0.8615,True,False,False,
BP p.l.c.,140,entity,BRITANNIC ENERGY TRADING LIMITED,BRITANNIC TRADING COMPANY LIMITED,entity,3,81,False,0.8615,True,False,False,
BP p.l.c.,240,entity,"ESSO PETROLEUM COMPANY,LIMITED",THE SHELL PETROLEUM COMPANY LIMITED,officer,4,57,False,0.8615,False,False,False,
Biffa plc,10,entity,RENEWI EUROPEAN HOLDINGS LIMITED,EUROPEAN VENTURE HOLDINGS LIMITED,entity,9,84,False,0.8615,False,False,False,
Biffa plc,10,entity,RENEWI EUROPEAN HOLDINGS LIMITED,Central European Holdings Limited,officer,1,54,False,0.8615,False,False,False,
Biffa plc,10,entity,RENEWI EUROPEAN HOLDINGS LIMITED,VERIZON EUROPEAN HOLDINGS LIMITED,officer,3,81,False,0.8615,False,False,False,
Biffa plc,17,entity,BIFFA CORPORATE SERVICES LIMITED,TRITON CORPORATE SERVICES LIMITED,intermediary,0,60,False,0.8615,False,False,False,
TAQA Bratani Limited,59,entity,BP EXPLORATION (SOUTH ATLANTIC) LIMITED,ATLANTIC EXPLORATION LIMITED,entity,1,75,False,0.8615,True,False,False,
Unilever PLC,55,entity,UNILEVER OVERSEAS HOLDINGS LIMITED,HALEY OVERSEAS HOLDINGS LIMITED,officer,2,55,False,0.8615,False,False,False,
Unilever PLC,66,entity,UNILEVER FINANCE INTERNATIONAL B.V.,"Nokia Finance International, B.V.",officer,1,79,False,0.8615,False,False,False,
Bank Saderat PLC,5,entity,IRAN OVERSEAS INVESTMENT BANK LIMITED,HARTMAN OVERSEAS INVESTMENT LIMITED,officer,5,70,False,0.8611,False,False,False,
A.P. Moller-Maersk,6,entity,SVITZER Marine Limited,STORM MARINE LIMITED,officer,2,77,False,0.8571,False,False,False,
A.P. Moller-Maersk,39,entity,Svitzer Middle East Limited,Middle East Navigator Limited,entity,2,79,False,0.8571,False,False,False,
A.P. Moller-Maersk,42,entity,MAERSK COMPANY LIMITED(THE),THE RUG COMPANY LIMITED,officer,6,80,False,0.8571,False,False,False,
BP p.l.c.,41,entity,BP EXPLORATION (ALPHA) LIMITED,Alpha Exploration Ltd.,entity,4,75,False,0.8571,True,False,False,
BP p.l.c.,64,entity,BP CHEMICALS LIMITED,TWIN CHEMICALS LIMITED,entity,6,63,False,0.8571,False,False,False,
BP p.l.c.,74,entity,BP ALTERNATIVE ENERGY INVESTMENTS LIMITED,Alternative View Investments Limited,officer,2,63,False,0.8571,False,False,False,
BP p.l.c.,74,entity,BP ALTERNATIVE ENERGY INVESTMENTS LIMITED,DUET ALTERNATIVE INVESTMENTS LIMITED,officer,3,80,False,0.8571,False,False,False,
BP p.l.c.,79,entity,BP EXPLORATION (ALPHA) LIMITED,Alpha Exploration Ltd.,entity,4,75,False,0.8571,True,False,False,
BP p.l.c.,110,entity,BP PLC,BP P.L.C.,officer,0,50,False,0.8571,True,False,False,
BP p.l.c.,114,entity,BP PLC,BP P.L.C.,officer,0,50,False,0.8571,True,False,False,
BP p.l.c.,148,entity,CASTROL GROUP HOLDINGS LIMITED,DONCHESTER HOLDINGS GROUP LIMITED,officer,6,75,False,0.8571,False,False,False,
BP p.l.c.,166,entity,BP (GIBRALTAR) LIMITED,Elad (Gibraltar) Limited,officer,3,81,False,0.8571,False,False,False,
BP p.l.c.,171,entity,BP ALTERNATIVE ENERGY INVESTMENTS LIMITED,Alternative View Investments Limited,officer,2,63,False,0.8571,False,False,False,
BP p.l.c.,171,entity,BP ALTERNATIVE ENERGY INVESTMENTS LIMITED,DUET ALTERNATIVE INVESTMENTS LIMITED,officer,3,80,False,0.8571,False,False,False,
BP p.l.c.,173,entity,BP ASIA PACIFIC HOLDINGS LIMITED,Winnings Asia Pacific Holdings Limited,officer,3,68,False,0.8571,False,False,False,
BP p.l.c.,180,entity,BP CHEMICALS LIMITED,TWIN CHEMICALS LIMITED,entity,6,63,False,0.8571,False,False,False,
BP p.l.c.,182,entity,BP CORPORATE HOLDINGS LIMITED,KENNISH CORPORATE HOLDINGS LIMITED,officer,6,67,False,0.8571,False,False,False,
BP p.l.c.,192,entity,BP GAS & POWER INVESTMENTS LIMITED,Sharp Power Investments Limited,officer,4,59,False,0.8571,False,False,False,
BP p.l.c.,201,entity,BP INVESTMENT MANAGEMENT LIMITED,Achilles Investment Management Limited,entity,8,78,False,0.8571,False,False,False,
BP p.l.c.,202,entity,BP INVESTMENTS ASIA LIMITED,Suez Asia Investments Limited,officer,4,72,False,0.8571,False,False,False,
BP p.l.c.,236,entity,BP ZETA HOLDINGS LIMITED,BP Trade Holdings Limited,entity,2,80,False,0.8571,False,False,False,
BP p.l.c.,240,entity,"ESSO PETROLEUM COMPANY,LIMITED",Horizon Petroleum Company Limited,entity,8,81,False,0.8571,False,False,False,
BP p.l.c.,240,entity,"ESSO PETROLEUM COMPANY,LIMITED",PRIVATE PETROLEUM COMPANY LIMITED,entity,9,60,False,0.8571,False,False,False,
Bank Saderat PLC,12,person,DOMINIC NICHOLAS,NICHOLAS INC,entity,5,75,False,0.8571,True,False,False,
Biffa plc,1,entity,BIFFA WASTE SERVICES LIMITED,WATER & WASTE SERVICES LIMITED,entity,3,57,False,0.8571,False,False,False,
Biffa plc,16,entity,BIFFA CORPORATE HOLDINGS LIMITED,Ever Corporate Holdings Limited,officer,2,65,False,0.8571,False,False,False,
Biffa plc,29,entity,GS ACQUISITIONS LIMITED,CROWN ACQUISITIONS LIMITED,entity,6,80,False,0.8571,False,False,False,
Care UK Social Care,23,entity,CARE UK HOLDINGS LIMITED,ALU. CARE HOLDINGS LIMITED,officer,0,72,False,0.8571,False,False,False,
DMGT,26,entity,YOPA PROPERTY LIMITED,TEAL PROPERTY LIMITED,entity,4,80,False,0.8571,False,False,False,
DMGT,36,entity,DMG INFORMATION LIMITED,GLOBAL INFORMATION LIMITED,entity,0,76,False,0.8571,True,False,False,
Glencore plc,9,entity,GLENCORE SINGAPORE PTE. LTD.,Ensol (Singapore) Pte Ltd,officer,7,80,False,0.8571,False,False,False,
Hornsea 1 Limited,27,entity,OPTIMUS WIND LIMITED,Optimus Invest Limited,entity,6,45,False,0.8571,False,False,False,
Hornsea 1 Limited,27,entity,OPTIMUS WIND LIMITED,OPTIMUS LIMITED,officer,0,75,False,0.8571,True,False,False,
Hornsea 1 Limited,27,entity,OPTIMUS WIND LIMITED,Optimus Invest Limited,officer,1,45,False,0.8571,False,False,False,
LVMH,9,entity,LVMH Asia Pacific Limited,Sun Asia Pacific Limited,officer,5,64,False,0.8571,False,False,False,
LVMH,9,entity,LVMH Asia Pacific Limited,SUN ASIA PACIFIC LIMITED,officer,9,64,False,0.8571,False,False,False,
Newcastle United FC,39,entity,NCUK INVESTMENT LIMITED,FULCRUM INVESTMENT LIMITED,entity,0,50,False,0.8571,False,False,False,
TAQA Bratani Limited,23,entity,ENQUEST ADVANCE HOLDINGS LIMITED,ADVANCE HOLDINGS LIMITED,entity,2,75,False,0.8571,True,False,False,
TAQA Bratani Limited,25,entity,ENQUEST FORWARD HOLDINGS LIMITED,FORWARD HOLDINGS LIMITED,officer,0,75,False,0.8571,True,False,False,
TAQA Bratani Limited,34,entity,ARCIUS ENERGY LIMITED,Caribe Energy Limited,officer,1,80,False,0.8571,False,False,False,
TAQA Bratani Limited,49,entity,BP EXPLORATION (ALPHA) LIMITED,Alpha Exploration Ltd.,entity,4,75,False,0.8571,True,False,False,
TAQA Bratani Limited,87,entity,IRAQ PETROLEUM COMPANY LIMITED,IRAQ PETROLEUM MARKETING COMPANY LIMITED,entity,3,75,False,0.8571,True,False,False,
TAQA Bratani Limited,95,entity,AZULE ENERGY HOLDINGS LIMITED,GGC Energy Holdings Limited,officer,5,65,False,0.8571,False,False,False,
Unilever PLC,27,entity,UNILEVER FINANCE NETHERLANDS B.V.,ZENITEL FINANCE NETHERLANDS B.V.,entity,1,71,False,0.8571,False,False,False,
Unilever PLC,55,entity,UNILEVER OVERSEAS HOLDINGS LIMITED,UNILEVER S.K. HOLDINGS LIMITED,officer,0,73,False,0.8571,False,False,False,
Unilever PLC,55,entity,UNILEVER OVERSEAS HOLDINGS LIMITED,Aon Overseas Holdings Limited,officer,3,61,False,0.8571,False,False,False,
Unilever PLC,55,entity,UNILEVER OVERSEAS HOLDINGS LIMITED,RTZ Overseas Holdings Limited,officer,4,76,False,0.8571,False,False,False,
Unilever PLC,78,person,"LU, Rong",Lu Tong,entity,9,85,False,0.8571,True,False,False,
Unilever PLC,78,person,"LU, Rong",LU Tong,intermediary,8,85,False,0.8571,True,False,False,
Unilever PLC,87,person,RONG LU,Lu Tong,entity,9,85,False,0.8571,True,False,False,
Unilever PLC,87,person,RONG LU,LU Tong,intermediary,8,85,False,0.8571,True,False,False,
BP p.l.c.,211,entity,BP NEW VENTURES MIDDLE EAST LIMITED,ARCO MIDDLE EAST NEW VENTURES LTD,entity,2,77,False,0.8529,False,False,False,
DMGT,20,entity,ASSOCIATED PRINT HOLDINGS LIMITED,ASSOCIATED TOBACCO HOLDINGS LIMITED,officer,2,80,False,0.8529,False,False,False,
TAQA Bratani Limited,56,entity,BP EXPLORATION (MOROCCO) LIMITED,EXXONMOBIL EXPLORATION MOROCCO LIMITED,entity,0,63,False,0.8529,False,False,False,
BP p.l.c.,23,entity,BP OIL INTERNATIONAL LIMITED,HORIZON OIL INTERNATIONAL LIMITED,officer,2,78,False,0.8525,False,False,False,
BP p.l.c.,148,entity,CASTROL GROUP HOLDINGS LIMITED,SEMINOLE GROUP HOLDINGS LIMITED,officer,1,45,False,0.8525,False,False,False,
BP p.l.c.,213,entity,BP OIL INTERNATIONAL LIMITED,HORIZON OIL INTERNATIONAL LIMITED,officer,2,78,False,0.8525,False,False,False,
DMGT,23,entity,MAIL FINANCE SERVICES LIMITED,Bishops Finance Services Limited,officer,3,59,False,0.8525,False,False,False,
DMGT,23,entity,MAIL FINANCE SERVICES LIMITED,TAX AND FINANCE SERVICES LIMITED,officer,8,59,False,0.8525,False,False,False,
DMGT,35,entity,DMG EVENTS INTERNATIONAL LIMITED,TANGENT INTERNATIONAL LIMITED,intermediary,4,40,False,0.8525,False,False,False,
Glencore plc,11,entity,GLENCORE FINANCE (EUROPE) LIMITED,Glencore Finance (Dubai) Limited,officer,0,83,False,0.8525,False,False,False,
TAQA Bratani Limited,54,entity,BP EXPLORATION (DELTA) LIMITED,BP EXPLORATION (EL DJAZAIR) LIMITED,entity,3,75,False,0.8525,False,False,False,
A.P. Moller-Maersk,39,entity,Svitzer Middle East Limited,MINERVA (MIDDLE EAST) LIMITED,intermediary,6,77,False,0.8519,False,False,False,
BP p.l.c.,36,entity,BP CARBON TRADING LIMITED,CARBON TRADING AFRICA LIMITED,entity,6,79,False,0.8519,False,False,False,
BP p.l.c.,63,entity,BP ENERGY HOLDING COMPANY LLC,Enron Holding Company LLC,officer,8,79,False,0.8519,False,False,False,
BP p.l.c.,151,entity,VICEROY INVESTMENTS LIMITED,IKEMURA INVESTMENTS LIMITED,entity,7,40,False,0.8519,False,False,False,
BP p.l.c.,182,entity,BP CORPORATE HOLDINGS LIMITED,BP Trade Holdings Limited,entity,3,44,False,0.8519,True,False,False,
DMGT,27,entity,ASSOCIATED NEWSPAPERS LIMITED,ALLIED NEWSPAPERS LIMITED,entity,4,79,False,0.8519,False,False,False,
DMGT,27,entity,ASSOCIATED NEWSPAPERS LIMITED,ALLIED NEWSPAPERS LIMITED,officer,0,79,False,0.8519,False,False,False,
TAQA Bratani Limited,55,entity,BP EXPLORATION (EPSILON) LIMITED,Bell Exploration Limited,officer,9,76,False,0.8519,False,False,False,
BP p.l.c.,16,entity,BP GAS MARKETING LIMITED,ABINA MARKETING LIMITED,entity,5,79,False,0.8511,False,False,False,
BP p.l.c.,209,entity,BP MIDDLE EAST LIMITED,Forum Middle East Limited,entity,3,64,False,0.8511,False,False,False,
Biffa plc,11,entity,RENEWI HOLDINGS LIMITED,MARENTO HOLDINGS LIMITED,entity,9,79,False,0.8511,False,False,False,
Biffa plc,11,entity,RENEWI HOLDINGS LIMITED,BURWILL HOLDINGS LIMITED,intermediary,9,37,False,0.8511,False,False,False,
Care UK Social Care,17,entity,CHS HEALTHCARE LIMITED,Accord Healthcare Limited,officer,1,80,False,0.8511,False,False,False,
DMGT,71,person,Mrs Aine Deirdre O'Reilly,SUSAN DEIRDRE O'REILLY,officer,1,40,False,0.8511,True,False,False,
DMGT,73,person,Mrs Aine Deirdre O'Reilly,SUSAN DEIRDRE O'REILLY,officer,1,40,False,0.8511,True,False,False,
Newcastle United FC,41,entity,REDSTART LEISURE LIMITED,KRYSTAL LEISURE LIMITED,officer,1,29,False,0.8511,False,False,False,
TAQA Bratani Limited,70,entity,BP GAS MARKETING LIMITED,ABINA MARKETING LIMITED,entity,5,79,False,0.8511,False,False,False,
BP p.l.c.,223,entity,BP PENSIONS LIMITED,ELMO PENSIONS LIMITED,entity,4,80,False,0.85,False,False,False,
DMGT,31,entity,HARMSWORTH PENSION FUNDS TRUSTEES LIMITED,Barclays Pension Funds Trustees Limited,officer,0,63,False,0.85,False,False,False,
TAQA Bratani Limited,27,entity,ENQUEST HEATHER LIMITED,HEATHER E LIMITED,entity,4,73,False,0.85,True,False,False,
TAQA Bratani Limited,96,entity,AZULE ENERGY LIMITED,Longe Energy Limited,officer,7,40,False,0.85,False,False,False,
Biffa plc,16,entity,BIFFA CORPORATE HOLDINGS LIMITED,KENNISH CORPORATE HOLDINGS LIMITED,officer,3,58,False,0.8485,False,False,False,
Biffa plc,17,entity,BIFFA CORPORATE SERVICES LIMITED,PARADYM CORPORATE SERVICES LIMITED,intermediary,5,58,False,0.8485,False,False,False,
Care UK Social Care,25,entity,CARE UK LIMITED,Shareco UK Limited,officer,8,27,False,0.8485,False,False,False,
Glencore plc,47,entity,Harris Associates,GARDI & ASSOCIATES,intermediary,7,82,False,0.8485,False,False,False,
Newcastle United FC,23,entity,NEWCASTLE UNITED ENTERTAINMENT LIMITED,UNITED ENTERTAINMENT LIMITED,entity,6,73,False,0.8485,True,False,False,
Newcastle United FC,47,entity,PZ NEWCO LIMITED,HHW Newco Limited,entity,1,58,False,0.8485,False,False,False,
TAQA Bratani Limited,67,entity,BP EXPLORATION NORTH AFRICA LIMITED,West Africa Exploration Limited,entity,2,80,False,0.8485,False,False,False,
TAQA Bratani Limited,87,entity,IRAQ PETROLEUM COMPANY LIMITED,RAK Petroleum Public Company Limited,officer,3,55,False,0.8485,False,False,False,
BP p.l.c.,41,entity,BP EXPLORATION (ALPHA) LIMITED,BP EXPLORATION VENZUELA LIMITED,entity,0,51,False,0.8475,False,False,False,
BP p.l.c.,79,entity,BP EXPLORATION (ALPHA) LIMITED,BP EXPLORATION VENZUELA LIMITED,entity,0,51,False,0.8475,False,False,False,
BP p.l.c.,148,entity,CASTROL GROUP HOLDINGS LIMITED,Wilson Group (Holdings) Limited,officer,5,50,False,0.8475,False,False,False,
Care UK Social Care,24,entity,CARE UK INVESTMENTS LIMITED,ASTRA 365 UK INVESTMENTS LIMITED,officer,4,78,False,0.8475,False,False,False,
DMGT,35,entity,DMG EVENTS INTERNATIONAL LIMITED,MAENE INTERNATIONAL LIMITED,intermediary,0,46,False,0.8475,False,False,False,
TAQA Bratani Limited,6,entity,TAQA FINANCIAL SERVICES B.V.,CARIBBEAN FINANCIAL SERVICES B.V.,officer,0,53,False,0.8475,False,False,False,
TAQA Bratani Limited,49,entity,BP EXPLORATION (ALPHA) LIMITED,BP EXPLORATION VENZUELA LIMITED,entity,0,51,False,0.8475,False,False,False,
TAQA Bratani Limited,63,entity,BP EXPLORATION CHINA LIMITED,BP EXPLORATION VENZUELA LIMITED,entity,0,51,False,0.8475,False,False,False,
TAQA Bratani Limited,65,entity,BP EXPLORATION LIBYA LIMITED,BP EXPLORATION VENZUELA LIMITED,entity,0,61,False,0.8475,False,False,False,
TAQA Bratani Limited,95,entity,AZULE ENERGY HOLDINGS LIMITED,Branch Energy Holdings Limited,officer,2,80,False,0.8475,False,False,False,
BP p.l.c.,1,entity,BP GLOBAL INVESTMENTS LIMITED,PGM INVESTMENTS LIMITED,intermediary,4,51,False,0.8462,False,False,False,
BP p.l.c.,130,entity,ROPEMAKER PROPERTIES LIMITED,Manor Properties Limited,officer,5,50,False,0.8462,False,False,False,
BP p.l.c.,130,entity,ROPEMAKER PROPERTIES LIMITED,Kerry Properties Limited,officer,7,42,False,0.8462,False,False,False,
BP p.l.c.,193,entity,BP GLOBAL INVESTMENTS LIMITED,PGM INVESTMENTS LIMITED,intermediary,4,51,False,0.8462,False,False,False,
Care UK Social Care,23,entity,CARE UK HOLDINGS LIMITED,Canopius Holdings UK Limited,officer,4,78,False,0.8462,False,False,False,
TAQA Bratani Limited,21,entity,VIC CBM LIMITED,CBM Limited,entity,0,73,False,0.8462,True,False,False,
TAQA Bratani Limited,21,entity,VIC CBM LIMITED,CBM Limited,officer,0,73,False,0.8462,True,False,False,
Newcastle United FC,17,entity,GULF INTERNATIONAL BANK (UK) LIMITED,Gulf Oil International Limited - Cayman,officer,6,78,False,0.8451,False,False,False,
BP p.l.c.,166,entity,BP (GIBRALTAR) LIMITED,Plurimi (Gibraltar) Limited,officer,5,56,False,0.8444,False,False,False,
BP p.l.c.,196,entity,BP HOLDINGS CANADA LIMITED,BP HOLDINGS LIMITED,entity,0,73,False,0.8444,True,False,False,
BP p.l.c.,206,entity,BP LAMBDA HOLDINGS LIMITED,BP HOLDINGS LIMITED,entity,1,73,False,0.8444,True,False,False,
Biffa plc,30,entity,ELWA HOLDINGS LIMITED,OLDWICK HOLDINGS LIMITED,officer,1,45,False,0.8444,False,False,False,
Care UK Social Care,29,entity,PJLS HOLDINGS LIMITED,PINKSON HOLDINGS LIMITED,intermediary,8,79,False,0.8444,False,False,False,
TAQA Bratani Limited,89,entity,ENI IS EXPLORATION LIMITED,EXPLORATION LIMITED,entity,9,73,False,0.8444,True,False,False,
BP p.l.c.,1,entity,BP GLOBAL INVESTMENTS LIMITED,GLOBAL INVESTMENTS (FAR EAST) LIMITED,entity,6,77,False,0.8438,False,False,False,
BP p.l.c.,193,entity,BP GLOBAL INVESTMENTS LIMITED,GLOBAL INVESTMENTS (FAR EAST) LIMITED,entity,6,77,False,0.8438,False,False,False,
Biffa plc,17,entity,BIFFA CORPORATE SERVICES LIMITED,R.M.P. CORPORATE SERVICES LIMITED,entity,1,62,False,0.8438,False,False,False,
DMGT,2,entity,"RISK MANAGEMENT SOLUTIONS, INC.","INVESTMENT MANAGEMENT SOLUTIONS, INC.",entity,9,54,False,0.8438,True,False,False,
Newcastle United FC,17,entity,GULF INTERNATIONAL BANK (UK) LIMITED,TPL Gulf International Limited,entity,1,76,False,0.8438,False,False,False,
Newcastle United FC,22,entity,NEWCASTLE UNITED ENTERPRISES LIMITED,NEWSTEAD ENTERPRISES LIMITED,entity,9,75,False,0.8438,False,False,False,
TAQA Bratani Limited,39,entity,BP ADUA OPERATING COMPANY LIMITED,YACHT OPERATING COMPANY LIMITED,entity,5,57,False,0.8438,False,False,False,
Newcastle United FC,10,entity,TÜRKİYE FİNANS KATILIM BANKASI ANONİM ŞİRKETİ,TURKIYE GARANTI BANKASI ANONIM SIRKETI,entity,0,77,False,0.8434,False,False,False,
BP p.l.c.,8,entity,CASTROL INDIA LIMITED,TOP INDIA LIMITED,entity,0,42,False,0.8421,False,False,False,
BP p.l.c.,23,entity,BP OIL INTERNATIONAL LIMITED,FINLUCA INTERNATIONAL LIMITED,intermediary,6,62,False,0.8421,False,False,False,
BP p.l.c.,74,entity,BP ALTERNATIVE ENERGY INVESTMENTS LIMITED,IVC Alternative Investments Limited,officer,5,65,False,0.8421,False,False,False,
BP p.l.c.,148,entity,CASTROL GROUP HOLDINGS LIMITED,Leko Group Holdings Limited,officer,9,56,False,0.8421,False,False,False,
BP p.l.c.,171,entity,BP ALTERNATIVE ENERGY INVESTMENTS LIMITED,IVC Alternative Investments Limited,officer,5,65,False,0.8421,False,False,False,
BP p.l.c.,213,entity,BP OIL INTERNATIONAL LIMITED,FINLUCA INTERNATIONAL LIMITED,intermediary,6,62,False,0.8421,False,False,False,
Biffa plc,22,entity,BIFFA HOLDCO LIMITED,HOLDCO CAM LIMITED,entity,6,75,False,0.8421,False,False,False,
Biffa plc,22,entity,BIFFA HOLDCO LIMITED,HOLDCO CAM LIMITED,officer,5,75,False,0.8421,False,False,False,
Care UK Social Care,26,entity,CARE UK MIDCO LIMITED,Oak Midco Limited,entity,8,66,False,0.8421,False,False,False,
Care UK Social Care,26,entity,CARE UK MIDCO LIMITED,Oak Midco Limited,officer,4,66,False,0.8421,False,False,False,
DMGT,54,entity,ANDOR HOLDCO LIMITED,HOLDCO CAM LIMITED,officer,5,75,False,0.8421,False,False,False,
Glencore plc,28,entity,Pasar Holdings Inc,CASTANY HOLDINGS INC.,officer,7,30,False,0.8421,False,False,False,
Rosneft,45,entity,ROSNEFT FINANCE S.A.,THORNET FINANCE S.A.,entity,8,57,False,0.8421,False,False,False,
TAQA Bratani Limited,34,entity,ARCIUS ENERGY LIMITED,CC ENERGY LIMITED,officer,2,76,False,0.8421,False,False,False,
TAQA Bratani Limited,47,entity,BP ENERGY COLOMBIA LIMITED,EMERALD ENERGY COLOMBIA LIMITED,entity,5,64,False,0.8421,False,False,False,
TAQA Bratani Limited,96,entity,AZULE ENERGY LIMITED,APR Energy Limited,officer,5,80,False,0.8421,False,False,False,
TAQA Bratani Limited,98,entity,STRATIC UK HOLDINGS LIMITED,STRAWBERRY HOLDINGS (UK) LIMITED,officer,8,80,False,0.8421,False,False,False,
BP p.l.c.,245,entity,HORIZON 38 MANAGEMENT COMPANY LIMITED,HORIZON MANAGEMENT GROUP LIMITED,entity,0,78,False,0.8406,False,False,False,
Newcastle United FC,13,entity,GIB Asset Management (Cayman) SPC Ltd,Galaxy Asset Management (Cayman) Ltd,officer,2,74,False,0.8406,False,False,False,
A.P. Moller-Maersk,42,entity,MAERSK COMPANY LIMITED(THE),The Love Company Limited,officer,1,76,False,0.84,False,False,False,
A.P. Moller-Maersk,48,entity,Pentalver Transport Limited,IDEAL TRANSPORT LIMITED,entity,8,48,False,0.84,False,False,False,
BP p.l.c.,141,entity,BRITANNIC MARKETING LIMITED,ABINA MARKETING LIMITED,entity,5,74,False,0.84,False,False,False,
BP p.l.c.,141,entity,BRITANNIC MARKETING LIMITED,KANDI MARKETING LIMITED,entity,6,77,False,0.84,False,False,False,
BP p.l.c.,191,entity,BP GAMMA HOLDINGS LIMITED,BP Trade Holdings Limited,entity,2,52,False,0.84,False,False,False,
BP p.l.c.,204,entity,BP KAPPA HOLDINGS LIMITED,BP Trade Holdings Limited,entity,8,52,False,0.84,False,False,False,
BP p.l.c.,209,entity,BP MIDDLE EAST LIMITED,Willbros Middle East Limited,officer,1,57,False,0.84,False,False,False,
Biffa plc,29,entity,GS ACQUISITIONS LIMITED,PROCRO ACQUISITIONS LIMITED,officer,4,62,False,0.84,False,False,False,
Care UK Social Care,23,entity,CARE UK HOLDINGS LIMITED,BODY CARE HOLDINGS LIMITED,entity,0,69,False,0.84,False,False,False,
Care UK Social Care,23,entity,CARE UK HOLDINGS LIMITED,Fortis Holdings (UK) Limited,officer,1,80,False,0.84,False,False,False,
DMGT,58,entity,COMMODITY VECTORS LIMITED,Commodity Traders Limited,entity,3,80,False,0.84,False,False,False,
DMGT,58,entity,COMMODITY VECTORS LIMITED,Commodity Traders Limited,entity,8,80,False,0.84,False,False,False,
LVMH,9,entity,LVMH Asia Pacific Limited,EAST-ASIA PACIFIC LIMITED,officer,3,60,False,0.84,False,False,False,
Newcastle United FC,39,entity,NCUK INVESTMENT LIMITED,PEACEFUL INVESTMENT LIMITED,entity,2,77,False,0.84,False,False,False,
Newcastle United FC,39,entity,NCUK INVESTMENT LIMITED,KEENLINK INVESTMENT LIMITED,officer,8,48,False,0.84,False,False,False,
Newcastle United FC,39,entity,NCUK INVESTMENT LIMITED,PEACEFUL INVESTMENT LIMITED,intermediary,2,77,False,0.84,False,False,False,
TAQA Bratani Limited,57,entity,BP EXPLORATION (PSI) LIMITED,Bell Exploration Limited,officer,8,73,False,0.84,False,False,False,
TAQA Bratani Limited,60,entity,BP EXPLORATION (STP) LIMITED,Bell Exploration Limited,officer,6,73,False,0.84,False,False,False,
TAQA Bratani Limited,89,entity,ENI IS EXPLORATION LIMITED,Bell Exploration Limited,officer,2,76,False,0.84,False,False,False,
TAQA Bratani Limited,98,entity,STRATIC UK HOLDINGS LIMITED,PTS HOLDINGS (UK) LIMITED,officer,5,77,False,0.84,False,False,False,
BP p.l.c.,15,entity,CASTROL HOLDINGS INTERNATIONAL LIMITED,HARBOUR RING INTERNATIONAL HOLDINGS LIMITED,intermediary,5,74,False,0.8395,False,False,False,
BP p.l.c.,149,entity,CASTROL HOLDINGS INTERNATIONAL LIMITED,HARBOUR RING INTERNATIONAL HOLDINGS LIMITED,intermediary,5,74,False,0.8395,False,False,False,
BP p.l.c.,73,entity,BP EXPLORATION & PRODUCTION INC.,CPVEN EXPLORATION & PRODUCTION CORP.,entity,4,60,False,0.8387,False,False,False,
BP p.l.c.,173,entity,BP ASIA PACIFIC HOLDINGS LIMITED,PACIFIC GRAND HOLDINGS LIMITED,entity,1,81,False,0.8387,False,False,False,
BP p.l.c.,173,entity,BP ASIA PACIFIC HOLDINGS LIMITED,SHELL PACIFIC HOLDINGS LIMITED,entity,9,56,False,0.8387,False,False,False,
BP p.l.c.,173,entity,BP ASIA PACIFIC HOLDINGS LIMITED,PACIFIC GRAND HOLDINGS LIMITED,intermediary,0,81,False,0.8387,False,False,False,
BP p.l.c.,181,entity,BP CONTINENTAL HOLDINGS LIMITED,"United Continental Holdings, Inc.",officer,4,70,False,0.8387,False,False,False,
Nordea Bank Abp,10,entity,Nordea Investment Management AB,OREON MANAGEMENT INVESTMENT INC.,entity,4,77,False,0.8387,False,False,False,
Nordea Bank Abp,10,entity,Nordea Investment Management AB,OREON MANAGEMENT INVESTMENT INC.,entity,6,77,False,0.8387,False,False,False,
Unilever PLC,5,entity,"UNILEVER EL SALVADOR SCC, SOCIEDAD ANONIMA DE CAPITAL VARIABLE","Millicom Cable El Salvador, Sociedad Anonima De Capital Variable",officer,0,55,False,0.8387,False,False,False,
BP p.l.c.,29,entity,BP EXPLORATION OPERATING COMPANY LIMITED,ABSHERON OPERATING COMPANY LIMITED,entity,8,52,False,0.8378,False,False,False,
BP p.l.c.,29,entity,BP EXPLORATION OPERATING COMPANY LIMITED,ABSHERON OPERATING COMPANY LIMITED,entity,9,52,False,0.8378,False,False,False,
BP p.l.c.,187,entity,BP EXPLORATION OPERATING COMPANY LIMITED,ABSHERON OPERATING COMPANY LIMITED,entity,8,52,False,0.8378,False,False,False,
BP p.l.c.,187,entity,BP EXPLORATION OPERATING COMPANY LIMITED,ABSHERON OPERATING COMPANY LIMITED,entity,9,52,False,0.8378,False,False,False,
BP p.l.c.,201,entity,BP INVESTMENT MANAGEMENT LIMITED,SARASIN RABO INVESTMENT MANAGEMENT LIMITED,intermediary,4,61,False,0.8378,False,False,False,
TAQA Bratani Limited,68,entity,BP EXPLORATION OPERATING COMPANY LIMITED,ABSHERON OPERATING COMPANY LIMITED,entity,8,52,False,0.8378,False,False,False,
TAQA Bratani Limited,68,entity,BP EXPLORATION OPERATING COMPANY LIMITED,ABSHERON OPERATING COMPANY LIMITED,entity,9,52,False,0.8378,False,False,False,
A.P. Moller-Maersk,21,entity,MAERSK MALAYSIA SDN. BHD.,H&R MALAYSIA SDN BHD,entity,2,65,False,0.8372,False,False,False,
BP p.l.c.,14,entity,BP SHIPPING LIMITED,POLYCOS SHIPPING LIMITED,intermediary,2,54,False,0.8372,False,False,False,
BP p.l.c.,64,entity,BP CHEMICALS LIMITED,RIVAL CHEMICALS LIMITED,officer,2,60,False,0.8372,False,False,False,
BP p.l.c.,180,entity,BP CHEMICALS LIMITED,RIVAL CHEMICALS LIMITED,officer,2,60,False,0.8372,False,False,False,
BP p.l.c.,191,entity,BP GAMMA HOLDINGS LIMITED,Gamma Holdings Ltd.,officer,1,72,False,0.8372,True,False,False,
BP p.l.c.,204,entity,BP KAPPA HOLDINGS LIMITED,Kappa Holdings Ltd,entity,3,72,False,0.8372,True,False,False,
BP p.l.c.,223,entity,BP PENSIONS LIMITED,HARBOUR PENSIONS LIMITED,entity,3,75,False,0.8372,False,False,False,
BP p.l.c.,230,entity,BP SHIPPING LIMITED,POLYCOS SHIPPING LIMITED,intermediary,2,54,False,0.8372,False,False,False,
BP p.l.c.,246,entity,BXL PLASTICS LIMITED,ISLAND PLASTICS LIMITED,entity,9,78,False,0.8372,False,False,False,
Biffa plc,21,entity,BIFFA GS HOLDINGS LIMITED,BIFFA HOLDINGS LTD,officer,0,72,False,0.8372,True,False,False,
Biffa plc,30,entity,ELWA HOLDINGS LIMITED,INCAT HOLDINGS LIMITED,intermediary,3,50,False,0.8372,False,False,False,
DMGT,26,entity,YOPA PROPERTY LIMITED,FORTH PROPERTY LIMITED,officer,3,50,False,0.8372,False,False,False,
DMGT,26,entity,YOPA PROPERTY LIMITED,Grove Property Limited,officer,6,50,False,0.8372,False,False,False,
Newcastle United FC,41,entity,REDSTART LEISURE LIMITED,DTD LEISURE LIMITED,officer,0,45,False,0.8372,False,False,False,
Newcastle United FC,44,entity,MASH HOLDINGS LIMITED,INCAT HOLDINGS LIMITED,intermediary,3,50,False,0.8372,False,False,False,
Rosneft,46,entity,NAYARA ENERGY LIMITED,SAMUDRA ENERGY LIMITED,intermediary,9,81,False,0.8372,False,False,False,
Rosneft,115,entity,QH Oil Investments LLC,ILARE INVESTMENTS LLC,entity,0,40,False,0.8372,False,False,False,
TAQA Bratani Limited,34,entity,ARCIUS ENERGY LIMITED,Pacific Energy Limited,officer,4,31,False,0.8372,False,False,False,
TAQA Bratani Limited,34,entity,ARCIUS ENERGY LIMITED,Warwick Energy Limited,officer,9,31,False,0.8372,False,False,False,
A.P. Moller-Maersk,39,entity,Svitzer Middle East Limited,HERITAGE MIDDLE EAST LIMITED,entity,4,39,False,0.8364,False,False,False,
A.P. Moller-Maersk,39,entity,Svitzer Middle East Limited,MIDDLE EAST PARTNERS LIMITED,officer,2,82,False,0.8364,True,False,False,
A.P. Moller-Maersk,39,entity,Svitzer Middle East Limited,HERITAGE MIDDLE EAST LIMITED,officer,3,39,False,0.8364,False,False,False,
BP p.l.c.,80,entity,BP INTERNATIONAL LIMITED,BELLBROOK INTERNATIONAL LIMITED,entity,8,74,False,0.8364,False,False,False,
BP p.l.c.,80,entity,BP INTERNATIONAL LIMITED,PW MINING INTERNATIONAL LIMITED,intermediary,7,58,False,0.8364,False,False,False,
BP p.l.c.,107,entity,BP Holdings North America,GFK NORTH AMERICA HOLDING GMBH,officer,9,73,False,0.8364,False,False,False,
BP p.l.c.,196,entity,BP HOLDINGS CANADA LIMITED,TDAFC (CANADA) HOLDINGS LIMITED,officer,1,68,False,0.8364,False,False,False,
BP p.l.c.,200,entity,BP INTERNATIONAL LIMITED,BELLBROOK INTERNATIONAL LIMITED,entity,8,74,False,0.8364,False,False,False,
BP p.l.c.,200,entity,BP INTERNATIONAL LIMITED,PW MINING INTERNATIONAL LIMITED,intermediary,7,58,False,0.8364,False,False,False,
TAQA Bratani Limited,54,entity,BP EXPLORATION (DELTA) LIMITED,EXPLORATION CAPITAL LIMITED,officer,7,75,False,0.8364,True,False,False,
TAQA Bratani Limited,63,entity,BP EXPLORATION CHINA LIMITED,EXPLORATION CAPITAL LIMITED,officer,7,75,False,0.8364,True,False,False,
TAQA Bratani Limited,98,entity,STRATIC UK HOLDINGS LIMITED,INTEGRAL UK HOLDINGS LIMITED,officer,4,53,False,0.8364,False,False,False,
Unilever PLC,53,entity,UNILEVER U.K. HOLDINGS LIMITED,GUINEVERE HOLDINGS LIMITED,entity,2,20,False,0.8364,False,False,False,
Biffa plc,17,entity,BIFFA CORPORATE SERVICES LIMITED,TECHFINE CORPORATE SERVICES LIMITED,entity,2,57,False,0.8358,False,False,False,
Biffa plc,17,entity,BIFFA CORPORATE SERVICES LIMITED,LAVELLIN CORPORATE SERVICES LIMITED,intermediary,2,57,False,0.8358,False,False,False,
Biffa plc,17,entity,BIFFA CORPORATE SERVICES LIMITED,TRIOLINK CORPORATE SERVICES LIMITED,intermediary,8,57,False,0.8358,False,False,False,
TAQA Bratani Limited,39,entity,BP ADUA OPERATING COMPANY LIMITED,ABSHERON OPERATING COMPANY LIMITED,entity,6,79,False,0.8358,False,False,False,
TAQA Bratani Limited,39,entity,BP ADUA OPERATING COMPANY LIMITED,ABSHERON OPERATING COMPANY LIMITED,entity,7,79,False,0.8358,False,False,False,
BP p.l.c.,15,entity,CASTROL HOLDINGS INTERNATIONAL LIMITED,PCL INTERNATIONAL HOLDINGS LIMITED,officer,2,68,False,0.8333,False,False,False,
BP p.l.c.,17,entity,BRITANNIC TRADING LIMITED,STANTON TRADING LIMITED,intermediary,7,43,False,0.8333,False,False,False,
BP p.l.c.,20,entity,"IGI RESOURCES, INC.",BAIRD RESOURCES INC.,entity,1,78,False,0.8333,False,False,False,
BP p.l.c.,71,entity,BP EASTERN MEDITERRANEAN LIMITED,MEDITERRANEAN ASSETS LIMITED,officer,6,78,False,0.8333,False,False,False,
BP p.l.c.,74,entity,BP ALTERNATIVE ENERGY INVESTMENTS LIMITED,BP Alternative Energy International Limited,officer,0,81,False,0.8333,True,False,False,
BP p.l.c.,143,entity,BRITANNIC TRADING LIMITED,STANTON TRADING LIMITED,intermediary,7,43,False,0.8333,False,False,False,
BP p.l.c.,149,entity,CASTROL HOLDINGS INTERNATIONAL LIMITED,PCL INTERNATIONAL HOLDINGS LIMITED,officer,2,68,False,0.8333,False,False,False,
BP p.l.c.,157,entity,GRID EDGE LIMITED,GRID EUROPE LIMITED,entity,3,78,False,0.8333,False,False,False,
BP p.l.c.,157,entity,GRID EDGE LIMITED,Liquid Edge Limited,officer,9,52,False,0.8333,False,False,False,
BP p.l.c.,167,entity,BP (INDIAN AGENCIES) LIMITED,Codan Agencies Limited,officer,8,76,False,0.8333,False,False,False,
BP p.l.c.,170,entity,BP AFRICA LIMITED,ERSM (AFRICA) LIMITED,officer,9,78,False,0.8333,False,False,False,
BP p.l.c.,171,entity,BP ALTERNATIVE ENERGY INVESTMENTS LIMITED,BP Alternative Energy International Limited,officer,0,81,False,0.8333,True,False,False,
BP p.l.c.,183,entity,BP EASTERN MEDITERRANEAN LIMITED,MEDITERRANEAN ASSETS LIMITED,officer,6,78,False,0.8333,False,False,False,
Biffa plc,11,entity,RENEWI HOLDINGS LIMITED,PRESCILL HOLDINGS LIMITED,intermediary,2,76,False,0.8333,False,False,False,
Biffa plc,20,entity,BIFFA GROUP LIMITED,TBP GROUP LIMITED,entity,1,47,False,0.8333,False,False,False,
Biffa plc,20,entity,BIFFA GROUP LIMITED,TBP GROUP LIMITED,intermediary,0,47,False,0.8333,False,False,False,
Biffa plc,24,entity,BIFFA MIDCO LIMITED,Oak Midco Limited,entity,0,47,False,0.8333,False,False,False,
Biffa plc,24,entity,BIFFA MIDCO LIMITED,Oak Midco Limited,officer,3,47,False,0.8333,False,False,False,
Care UK Social Care,14,entity,Practice Plus Group Bidco Limited,PRACTICE PLAN GROUP LIMITED,officer,0,75,False,0.8333,False,False,False,
Care UK Social Care,17,entity,CHS HEALTHCARE LIMITED,PAKCARE HEALTHCARE LIMITED,entity,6,53,False,0.8333,False,False,False,
Care UK Social Care,23,entity,CARE UK HOLDINGS LIMITED,WDFG UK Holdings Limited,officer,3,58,False,0.8333,False,False,False,
DMGT,36,entity,DMG INFORMATION LIMITED,Cyber Information Limited,officer,5,80,False,0.8333,False,False,False,
DMGT,37,entity,DMG MEDIA LIMITED,Trade Media Limited,officer,7,47,False,0.8333,False,False,False,
Hornsea 1 Limited,66,entity,HORNSEA 1 PSC LIMITED,HORNSEA LIMITED,entity,0,71,False,0.8333,False,False,False,
Hornsea 1 Limited,66,entity,HORNSEA 1 PSC LIMITED,HORNSEA LIMITED,entity,1,71,False,0.8333,False,False,False,
Newcastle United FC,22,entity,NEWCASTLE UNITED ENTERPRISES LIMITED,UNITED RESOURCES ENTERPRISES LIMITED,officer,5,77,False,0.8333,False,False,False,
Nordea Bank Abp,17,entity,The Vanguard Group,THE VANGUARD TRUST,entity,6,50,False,0.8333,True,False,False,
Rosneft,45,entity,ROSNEFT FINANCE S.A.,Crown Finance S.A.,officer,4,31,False,0.8333,False,False,False,
TAQA Bratani Limited,62,entity,BP EXPLORATION BETA LIMITED,BP EXPLORATION (EL DJAZAIR) LIMITED,entity,1,69,False,0.8333,False,False,False,
TAQA Bratani Limited,69,entity,BP EXPLORATION PERU LIMITED,BP EXPLORATION (EL DJAZAIR) LIMITED,entity,1,51,False,0.8333,False,False,False,
Unilever PLC,33,entity,RATIONAL INTERNATIONAL ENTERPRISES LIMITED,Rational Entertainment Enterprises Limited,entity,4,80,False,0.8333,True,False,False,
Unilever PLC,33,entity,RATIONAL INTERNATIONAL ENTERPRISES LIMITED,Rational Entertainment Enterprises Limited,officer,0,80,False,0.8333,True,False,False,
Unilever PLC,33,entity,RATIONAL INTERNATIONAL ENTERPRISES LIMITED,POLAR PACIFIC INTERNATIONAL ENTERPRISES LIMITED,intermediary,1,80,False,0.8315,False,False,False,
Unilever PLC,33,entity,RATIONAL INTERNATIONAL ENTERPRISES LIMITED,JABEL INTERNATIONAL ENTERPRISES LTD.,intermediary,2,69,False,0.8312,False,False,False,
BP p.l.c.,192,entity,BP GAS & POWER INVESTMENTS LIMITED,Success Power Investments Limited,officer,8,54,False,0.8308,False,False,False,
Biffa plc,10,entity,RENEWI EUROPEAN HOLDINGS LIMITED,NORTHAM EUROPEAN HOLDINGS LIMITED,officer,0,78,False,0.8308,False,False,False,
Care UK Social Care,4,person,CSC CORPORATE SERVICES (UK) LIMITED,R.M.P. CORPORATE SERVICES LIMITED,entity,7,60,False,0.8308,False,False,False,
DMGT,43,entity,DMGT PENSION TRUSTEES LIMITED,MARLBOROUGH PENSION TRUSTEES LIMITED,officer,2,58,False,0.8308,False,False,False,
A.P. Moller-Maersk,42,entity,MAERSK COMPANY LIMITED(THE),THE SINCERE COMPANY LIMITED,intermediary,1,77,False,0.8302,False,False,False,
BP p.l.c.,36,entity,BP CARBON TRADING LIMITED,CARBON STEEL TRADING LIMITED,entity,8,67,False,0.8302,False,False,False,
BP p.l.c.,66,entity,BRITANNIC STRATEGIES LIMITED,BRITANNIC TRADING LIMITED,entity,6,78,False,0.8302,True,False,False,
BP p.l.c.,80,entity,BP INTERNATIONAL LIMITED,FINLUCA INTERNATIONAL LIMITED,intermediary,2,75,False,0.8302,False,False,False,
BP p.l.c.,80,entity,BP INTERNATIONAL LIMITED,TANGENT INTERNATIONAL LIMITED,intermediary,5,62,False,0.8302,False,False,False,
BP p.l.c.,124,entity,EXMOOR PROPERTIES GP LIMITED,TODMOR PROPERTIES LIMITED,entity,8,39,False,0.8302,False,False,False,
BP p.l.c.,130,entity,ROPEMAKER PROPERTIES LIMITED,TODMOR PROPERTIES LIMITED,entity,5,78,False,0.8302,False,False,False,
BP p.l.c.,142,entity,BRITANNIC STRATEGIES LIMITED,BRITANNIC TRADING LIMITED,entity,6,78,False,0.8302,True,False,False,
BP p.l.c.,151,entity,VICEROY INVESTMENTS LIMITED,RENTON INVESTMENTS LIMITED,intermediary,8,77,False,0.8302,False,False,False,
BP p.l.c.,200,entity,BP INTERNATIONAL LIMITED,FINLUCA INTERNATIONAL LIMITED,intermediary,2,75,False,0.8302,False,False,False,
BP p.l.c.,200,entity,BP INTERNATIONAL LIMITED,TANGENT INTERNATIONAL LIMITED,intermediary,5,62,False,0.8302,False,False,False,
Biffa plc,25,entity,BIFFA PFI INVESTMENTS LIMITED,ARPA INVESTMENTS LIMITED,entity,5,72,False,0.8302,False,False,False,
Care UK Social Care,24,entity,CARE UK INVESTMENTS LIMITED,Union Care Investments Ltd.,officer,5,70,False,0.8302,False,False,False,
DMGT,52,entity,QS ENROLMENT SOLUTIONS LIMITED,Komen Solutions Limited,officer,9,73,False,0.8302,False,False,False,
Glencore plc,46,entity,Qatar Investment Authority,LIBYAN INVESTMENT AUTHORITY,officer,3,81,False,0.8302,False,False,False,
TAQA Bratani Limited,81,entity,BP SENEGAL INVESTMENTS LIMITED,PGM INVESTMENTS LIMITED,intermediary,2,70,False,0.8302,False,False,False,
TAQA Bratani Limited,89,entity,ENI IS EXPLORATION LIMITED,Niger Exploration 1 Limited,officer,6,55,False,0.8302,False,False,False,
Unilever PLC,64,entity,UNILEVER INDIA EXPORTS LIMITED,EVENTIA EXPORTS LIMITED,entity,7,26,False,0.8302,False,False,False,
Unilever PLC,70,entity,UNILEVER CAPITAL CORPORATION,EARLE CAPITAL CORPORATION,officer,3,78,False,0.8302,False,False,False,
A.P. Moller-Maersk,6,entity,SVITZER Marine Limited,LETE MARINE LIMITED,officer,5,40,False,0.8293,False,False,False,
BP p.l.c.,8,entity,CASTROL INDIA LIMITED,CALTEX (INDIA) LIMITED,entity,4,80,False,0.8293,False,False,False,
DMGT,3,entity,DMG ATLANTIC LIMITED,Atlantic Iron Limited,officer,5,80,False,0.8293,False,False,False,
DMGT,18,person,WILLIAM GEORGE TOUCHE,WILLIAM GEORGE YOUNG,officer,6,38,False,0.8293,True,False,False,
DMGT,26,entity,YOPA PROPERTY LIMITED,MKT Property Limited,officer,0,57,False,0.8293,False,False,False,
DMGT,53,entity,EXCALIBUR HOLDCO LIMITED,EXCALIBUR LIMITED,entity,3,70,False,0.8293,True,False,False,
DMGT,53,entity,EXCALIBUR HOLDCO LIMITED,EXCALIBUR LIMITED,entity,4,70,False,0.8293,True,False,False,
DMGT,54,entity,ANDOR HOLDCO LIMITED,Towers Holdco Limited,officer,1,38,False,0.8293,False,False,False,
Newcastle United FC,2,entity,Public Investment Fund,VPA INVESTMENT FUND,officer,5,72,False,0.8293,False,False,False,
Newcastle United FC,2,entity,Public Investment Fund,CEE INVESTMENT FUND,officer,7,50,False,0.8293,False,False,False,
Newcastle United FC,2,entity,Public Investment Fund,CEE INVESTMENT FUND,officer,8,50,False,0.8293,False,False,False,
Newcastle United FC,30,entity,NEWCASTLE UNITED LIMITED,NEWCASTLE LIMITED,entity,1,70,False,0.8293,True,False,False,
Nordea Bank Abp,4,entity,Nordea Life Holding AB,LISELORE HOLDING AB,officer,8,77,False,0.8293,False,False,False,
Rosneft,46,entity,NAYARA ENERGY LIMITED,Inkia Energy Limited,officer,6,38,False,0.8293,False,False,False,
TAQA Bratani Limited,96,entity,AZULE ENERGY LIMITED,Vanoil Energy Limited,officer,0,38,False,0.8293,False,False,False,
TAQA Bratani Limited,96,entity,AZULE ENERGY LIMITED,Caribe Energy Limited,officer,1,80,False,0.8293,False,False,False,
BP p.l.c.,131,entity,KUWAIT PETROLEUM (U.K. HOLDINGS) LIMITED,Lundin Petroleum Holdings Limited,officer,2,56,False,0.8286,False,False,False,
BP p.l.c.,199,entity,BP INTEGRATED SOLUTIONS LIMITED,Integrated Industrial Solutions Limited,entity,8,74,False,0.8286,False,False,False,
Biffa plc,17,entity,BIFFA CORPORATE SERVICES LIMITED,BUTTERFIELD CORPORATE SERVICES LIMITED,intermediary,1,76,False,0.8286,False,False,False,
Care UK Social Care,4,person,CSC CORPORATE SERVICES (UK) LIMITED,Christabel Corporate Services Limited,entity,3,54,False,0.8286,False,False,False,
DMGT,35,entity,DMG EVENTS INTERNATIONAL LIMITED,CORPORATE EVENTS INTERNATIONAL LIMITED,entity,1,76,False,0.8286,True,False,False,
DMGT,35,entity,DMG EVENTS INTERNATIONAL LIMITED,CORPORATE EVENTS INTERNATIONAL LIMITED,entity,5,76,False,0.8286,True,False,False,
Newcastle United FC,13,entity,GIB Asset Management (Cayman) SPC Ltd,SYNERGY ASSET MANAGEMENT (CAYMAN) LTD.,officer,0,71,False,0.8286,False,False,False,
TAQA Bratani Limited,51,entity,BP EXPLORATION (CARIBBEAN) LIMITED,CARIBBEAN EXPLORATION SHIPPING LIMITED************,entity,3,68,False,0.8286,False,False,False,
BP p.l.c.,78,entity,AIR BP LIMITED,AIR ONE LIMITED,officer,8,53,False,0.8276,False,False,False,
BP p.l.c.,139,entity,AIR BP LIMITED,AIR ONE LIMITED,officer,8,53,False,0.8276,False,False,False,
BP p.l.c.,157,entity,GRID EDGE LIMITED,EDGE LIMITED,entity,7,70,False,0.8276,True,False,False,
BP p.l.c.,194,entity,BP GLOBAL SOLUTIONS LIMITED,GLOBAL TRAVEL SOLUTIONS LIMITED,officer,1,67,False,0.8276,False,False,False,
BP p.l.c.,194,entity,BP GLOBAL SOLUTIONS LIMITED,Global Hybrid Solutions Limited,officer,3,67,False,0.8276,False,False,False,
BP p.l.c.,202,entity,BP INVESTMENTS ASIA LIMITED,Oxford Asia Investments Limited,officer,6,67,False,0.8276,False,False,False,
Care UK Social Care,18,entity,CARE UK CARE SERVICES LIMITED,PRIMARY CARE SERVICES LIMITED,entity,9,48,False,0.8276,False,False,False,
Care UK Social Care,24,entity,CARE UK INVESTMENTS LIMITED,Investec Investments (UK) Limited,officer,1,77,False,0.8276,False,False,False,
DMGT,35,entity,DMG EVENTS INTERNATIONAL LIMITED,FEMS INTERNATIONAL LIMITED,intermediary,8,75,False,0.8276,False,False,False,
TAQA Bratani Limited,81,entity,BP SENEGAL INVESTMENTS LIMITED,PENTAGON INVESTMENTS LIMITED,intermediary,3,73,False,0.8276,False,False,False,
A.P. Moller-Maersk,30,entity,Maersk Oil Trading and Investments A/S,UNION OIL TRADING AND INVESTMENTS S. A.,entity,9,65,False,0.8267,False,False,False,
BP p.l.c.,74,entity,BP ALTERNATIVE ENERGY INVESTMENTS LIMITED,ALTERNATIVE ENERGY SYSTEMS LIMITED,entity,4,56,False,0.8267,False,False,False,
BP p.l.c.,171,entity,BP ALTERNATIVE ENERGY INVESTMENTS LIMITED,ALTERNATIVE ENERGY SYSTEMS LIMITED,entity,4,56,False,0.8267,False,False,False,
DMGT,47,entity,PAVILIONS WEST MANAGEMENT COMPANY LIMITED,Transas Management Company Limited,officer,8,73,False,0.8267,False,False,False,
Glencore plc,7,entity,GLENCORE AUSTRALIA HOLDINGS PTY LIMITED,Accenture Australia Holdings Pty Ltd.,officer,4,46,False,0.8267,False,False,False,
BP p.l.c.,151,entity,VICEROY INVESTMENTS LIMITED,INVESTMENTS LIMITED,officer,0,70,False,0.8261,False,False,False,
BP p.l.c.,203,entity,BP IOTA HOLDINGS LIMITED,INCAT HOLDINGS LIMITED,intermediary,4,75,False,0.8261,False,False,False,
BP p.l.c.,206,entity,BP LAMBDA HOLDINGS LIMITED,LMC HOLDINGS LIMITED,intermediary,2,50,False,0.8261,False,False,False,
BP p.l.c.,218,entity,BP OIL VIETNAM LIMITED,PAVILION VIETNAM LIMITED,officer,0,62,False,0.8261,False,False,False,
BP p.l.c.,223,entity,BP PENSIONS LIMITED,BP Pension Trustees Limited,officer,7,70,False,0.8261,True,False,False,
BP p.l.c.,226,entity,BP PROPERTIES LIMITED,NAWSON PROPERTIES LIMITED,entity,1,60,False,0.8261,False,False,False,
BP p.l.c.,226,entity,BP PROPERTIES LIMITED,TODMOR PROPERTIES LIMITED,entity,5,60,False,0.8261,False,False,False,
BP p.l.c.,226,entity,BP PROPERTIES LIMITED,NAWSON PROPERTIES LIMITED.,intermediary,1,60,False,0.8261,False,False,False,
Biffa plc,11,entity,RENEWI HOLDINGS LIMITED,MILNER HOLDINGS LIMITED,officer,2,78,False,0.8261,False,False,False,
Biffa plc,11,entity,RENEWI HOLDINGS LIMITED,ESSIEN HOLDINGS LIMITED,officer,7,39,False,0.8261,False,False,False,
Biffa plc,21,entity,BIFFA GS HOLDINGS LIMITED,17 GS Holding Limited,officer,6,76,False,0.8261,False,False,False,
Biffa plc,30,entity,ELWA HOLDINGS LIMITED,PRESCILL HOLDINGS LIMITED,intermediary,2,43,False,0.8261,False,False,False,
Biffa plc,30,entity,ELWA HOLDINGS LIMITED,HOPEWELL HOLDINGS LIMITED,intermediary,6,48,False,0.8261,False,False,False,
Care UK Social Care,23,entity,CARE UK HOLDINGS LIMITED,INCAT HOLDINGS LIMITED,intermediary,9,41,False,0.8261,False,False,False,
Care UK Social Care,29,entity,PJLS HOLDINGS LIMITED,PRESCILL HOLDINGS LIMITED,intermediary,2,76,False,0.8261,False,False,False,
Care UK Social Care,29,entity,PJLS HOLDINGS LIMITED,HOPEWELL HOLDINGS LIMITED,intermediary,6,43,False,0.8261,False,False,False,
Care UK Social Care,29,entity,PJLS HOLDINGS LIMITED,CARLISLE HOLDINGS LIMITED,intermediary,7,43,False,0.8261,False,False,False,
Hornsea 1 Limited,55,person,BENJAMIN MICHAEL BURGESS,JAMES MICHAEL BENJAMIN,officer,6,79,False,0.8261,True,False,False,
Hornsea 1 Limited,55,person,BENJAMIN MICHAEL BURGESS,JAMES MICHAEL BENJAMIN,officer,7,79,False,0.8261,True,False,False,
LVMH,62,entity,BENEFIT COSMETICS LIMITED,Act Cosmetics Limited,entity,9,76,False,0.8261,False,False,False,
LVMH,63,entity,BULGARI IRELAND LIMITED,MCCULLA (IRELAND) LIMITED,officer,6,30,False,0.8261,False,False,False,
Newcastle United FC,44,entity,MASH HOLDINGS LIMITED,CARLISLE HOLDINGS LIMITED,intermediary,7,43,False,0.8261,False,False,False,
BP p.l.c.,65,entity,BP Pension Trustees Limited,MARLBOROUGH PENSION TRUSTEES LIMITED,officer,4,58,False,0.8254,False,False,False,
BP p.l.c.,192,entity,BP GAS & POWER INVESTMENTS LIMITED,Force Power Investments Limited,officer,9,81,False,0.8254,False,False,False,
BP p.l.c.,222,entity,BP PENSION TRUSTEES LIMITED,MARLBOROUGH PENSION TRUSTEES LIMITED,officer,4,58,False,0.8254,False,False,False,
Biffa plc,31,entity,WAKEFIELD WASTE HOLDINGS LIMITED,WASTE SERVICES HOLDINGS LIMITED,entity,1,75,False,0.8254,True,False,False,
TAQA Bratani Limited,23,entity,ENQUEST ADVANCE HOLDINGS LIMITED,Profit Advance Holdings Limited,entity,1,53,False,0.8254,False,False,False,
TAQA Bratani Limited,61,entity,BP EXPLORATION ARGENTINA LIMITED,BP EXPLORATION VENZUELA LIMITED,entity,0,40,False,0.8254,False,False,False,
TAQA Bratani Limited,64,entity,BP EXPLORATION INDONESIA LIMITED,BP EXPLORATION VENZUELA LIMITED,entity,0,53,False,0.8254,False,False,False,
BP p.l.c.,15,entity,CASTROL HOLDINGS INTERNATIONAL LIMITED,PACIFIC ACE HOLDINGS INTERNATIONAL LIMITED,intermediary,6,66,False,0.825,False,False,False,
BP p.l.c.,149,entity,CASTROL HOLDINGS INTERNATIONAL LIMITED,PACIFIC ACE HOLDINGS INTERNATIONAL LIMITED,intermediary,6,66,False,0.825,False,False,False,
BP p.l.c.,65,entity,BP Pension Trustees Limited,PERKINS TRUSTEES LIMITED,intermediary,8,74,False,0.8235,False,False,False,
BP p.l.c.,76,entity,BP ITALIA S.P.A.,BAYKER ITALIA S.P.A,officer,1,73,False,0.8235,False,False,False,
BP p.l.c.,122,entity,PEARL RIVER DELTA INVESTMENTS LIMITED,Black Pearl Investments Limited,officer,2,70,False,0.8235,False,False,False,
BP p.l.c.,124,entity,EXMOOR PROPERTIES GP LIMITED,CORY PROPERTIES LIMITED,entity,3,75,False,0.8235,False,False,False,
BP p.l.c.,130,entity,ROPEMAKER PROPERTIES LIMITED,NAIR PROPERTIES LIMITED,officer,1,50,False,0.8235,False,False,False,
BP p.l.c.,130,entity,ROPEMAKER PROPERTIES LIMITED,KERRY PROPERTIES LIMTED,intermediary,7,39,False,0.8235,False,False,False,
BP p.l.c.,135,entity,SHELL U.K. LIMITED,SHELL MAX LIMITED,entity,6,52,False,0.8235,False,False,False,
BP p.l.c.,141,entity,BRITANNIC MARKETING LIMITED,Britannic Assets Limited,officer,0,37,False,0.8235,False,False,False,
BP p.l.c.,141,entity,BRITANNIC MARKETING LIMITED,PANACO MARKETING LIMITED,officer,2,37,False,0.8235,False,False,False,
BP p.l.c.,151,entity,VICEROY INVESTMENTS LIMITED,YOLK INVESTMENTS LIMITED,intermediary,6,74,False,0.8235,False,False,False,
BP p.l.c.,190,entity,BP FINANCE P.L.C,DIZZ  FINANCE P.L.C,entity,2,66,False,0.8235,False,False,False,
BP p.l.c.,190,entity,BP FINANCE P.L.C,EDEN FINANCE P.L.C.,entity,5,66,False,0.8235,False,False,False,
BP p.l.c.,190,entity,BP FINANCE P.L.C,EDEN FINANCE P.L.C.,officer,2,66,False,0.8235,False,False,False,
BP p.l.c.,222,entity,BP PENSION TRUSTEES LIMITED,PERKINS TRUSTEES LIMITED,intermediary,8,74,False,0.8235,False,False,False,
Bank Saderat PLC,11,person,ROBERT JOHN SPEEDY,ROBERT JOHN REID,officer,5,50,False,0.8235,True,False,False,
Biffa plc,25,entity,BIFFA PFI INVESTMENTS LIMITED,PS Investments Limited,officer,5,72,False,0.8235,False,False,False,
Care UK Social Care,4,person,CSC CORPORATE SERVICES (UK) LIMITED,TECHFINE CORPORATE SERVICES LIMITED,entity,8,65,False,0.8235,False,False,False,
Care UK Social Care,4,person,CSC CORPORATE SERVICES (UK) LIMITED,TRIOLINK CORPORATE SERVICES LIMITED,intermediary,9,68,False,0.8235,False,False,False,
Care UK Social Care,23,entity,CARE UK HOLDINGS LIMITED,BABCOCK (UK) HOLDINGS LIMITED,officer,8,77,False,0.8235,False,False,False,
Care UK Social Care,24,entity,CARE UK INVESTMENTS LIMITED,YOLK INVESTMENTS LIMITED,intermediary,9,70,False,0.8235,False,False,False,
Care UK Social Care,25,entity,CARE UK LIMITED,CREATACO UK LIMITED,intermediary,5,68,False,0.8235,False,False,False,
DMGT,22,entity,WORKMATE TECHNOLOGY LIMITED,GRAND TECHNOLOGY LIMITED,entity,1,44,False,0.8235,False,False,False,
DMGT,22,entity,WORKMATE TECHNOLOGY LIMITED,"Amgen Technology, Limited",officer,5,44,False,0.8235,False,False,False,
Glencore plc,47,entity,Harris Associates,GARESE & ASSOCIATES,intermediary,8,76,False,0.8235,False,False,False,
LVMH,9,entity,LVMH Asia Pacific Limited,Index Asia Pacific Limited,officer,6,61,False,0.8235,False,False,False,
TAQA Bratani Limited,53,entity,BP EXPLORATION (D230) LIMITED,Bell Exploration Limited,officer,5,77,False,0.8235,False,False,False,
TAQA Bratani Limited,69,entity,BP EXPLORATION PERU LIMITED,Bell Exploration Limited,officer,6,70,False,0.8235,False,False,False,
TAQA Bratani Limited,71,entity,BP HOLDINGS IRAQ LTD,BP HOLDING LTD,officer,0,70,False,0.8235,True,False,False,
TAQA Bratani Limited,74,entity,BP KARABAGH OPERATING COMPANY LIMITED,YACHT OPERATING COMPANY LIMITED,entity,5,51,False,0.8235,False,False,False,
Unilever PLC,55,entity,UNILEVER OVERSEAS HOLDINGS LIMITED,DOMINION OVERSEAS HOLDINGS LIMITED,entity,0,47,False,0.8235,False,False,False,
Unilever PLC,55,entity,UNILEVER OVERSEAS HOLDINGS LIMITED,ROSYBLUE OVERSEAS HOLDINGS LIMITED,officer,1,76,False,0.8235,False,False,False,
Unilever PLC,55,entity,UNILEVER OVERSEAS HOLDINGS LIMITED,Reliance Holdings (Overseas) Limited,officer,9,79,False,0.8235,False,False,False,
Unilever PLC,55,entity,UNILEVER OVERSEAS HOLDINGS LIMITED,DOMINION OVERSEAS HOLDINGS LIMITED,intermediary,0,47,False,0.8235,False,False,False,
Unilever PLC,78,person,"LU, Rong",LU Di Rong,officer,4,70,False,0.8235,True,False,False,
Unilever PLC,87,person,RONG LU,LU Di Rong,officer,4,70,False,0.8235,True,False,False,
BP p.l.c.,201,entity,BP INVESTMENT MANAGEMENT LIMITED,ALTERNATIVE INVESTMENT MANAGEMENT LIMITED,officer,8,73,False,0.8219,False,False,False,
BP p.l.c.,245,entity,HORIZON 38 MANAGEMENT COMPANY LIMITED,DI SAN DI MANAGEMENT COMPANY LIMITED,intermediary,9,64,False,0.8219,False,False,False,
Care UK Social Care,10,entity,PRACTICE PLUS GROUP HOSPITALS LIMITED,PRACTICE PLAN GROUP (HOLDINGS) LIMITED,officer,1,81,False,0.8219,False,False,False,
Unilever PLC,33,entity,RATIONAL INTERNATIONAL ENTERPRISES LIMITED,Rational FT Enterprises Limited,entity,5,71,False,0.8219,True,False,False,
BP p.l.c.,4,entity,BP SINGAPORE PTE. LIMITED,INDOCARBON (SINGAPORE) PTE LIMITED,officer,1,71,False,0.8214,False,False,False,
BP p.l.c.,80,entity,BP INTERNATIONAL LIMITED,BRELLABUNK INTERNATIONAL LIMITED,entity,6,71,False,0.8214,False,False,False,
BP p.l.c.,146,entity,GUANGDONG INVESTMENTS LIMITED,GOODTOP INVESTMENTS LIMITED,intermediary,5,75,False,0.8214,False,False,False,
BP p.l.c.,191,entity,BP GAMMA HOLDINGS LIMITED,Centrica Gamma Holdings Limited,officer,0,74,False,0.8214,False,False,False,
BP p.l.c.,200,entity,BP INTERNATIONAL LIMITED,BRELLABUNK INTERNATIONAL LIMITED,entity,6,71,False,0.8214,False,False,False,
BP p.l.c.,237,entity,BP+AMOCO INTERNATIONAL LIMITED,FEMS INTERNATIONAL LIMITED,intermediary,9,73,False,0.8214,False,False,False,
Care UK Social Care,24,entity,CARE UK INVESTMENTS LIMITED,SPARKDALE INVESTMENTS LIMITED,entity,8,55,False,0.8214,False,False,False,
Care UK Social Care,30,entity,COMMUNITY HEALTH SERVICES LIMITED,HEALTH SERVICES LIMITED,entity,3,69,False,0.8214,True,False,False,
Glencore plc,46,entity,Qatar Investment Authority,Abu Dhabi Investment Authority,officer,4,46,False,0.8214,False,False,False,
Newcastle United FC,37,entity,NEWCASTLE UNITED VENTURES LIMITED,UNITED VENTURES LIMITED,officer,0,69,False,0.8214,True,False,False,
Newcastle United FC,37,entity,NEWCASTLE UNITED VENTURES LIMITED,UNITED VENTURES LIMITED,officer,1,69,False,0.8214,True,False,False,
Newcastle United FC,37,entity,NEWCASTLE UNITED VENTURES LIMITED,United Ventures Limited,officer,2,69,False,0.8214,True,False,False,
Newcastle United FC,37,entity,NEWCASTLE UNITED VENTURES LIMITED,UNITED VENTURES LIMITED,officer,3,69,False,0.8214,True,False,False,
Newcastle United FC,37,entity,NEWCASTLE UNITED VENTURES LIMITED,UNITED VENTURES LIMITED,officer,4,69,False,0.8214,True,False,False,
Newcastle United FC,37,entity,NEWCASTLE UNITED VENTURES LIMITED,UNITED VENTURES LIMITED,officer,5,69,False,0.8214,True,False,False,
Newcastle United FC,37,entity,NEWCASTLE UNITED VENTURES LIMITED,UNITED VENTURES LIMITED,officer,6,69,False,0.8214,True,False,False,
Newcastle United FC,37,entity,NEWCASTLE UNITED VENTURES LIMITED,UNITED VENTURES LIMITED,officer,7,69,False,0.8214,True,False,False,
Newcastle United FC,37,entity,NEWCASTLE UNITED VENTURES LIMITED,UNITED VENTURES LIMITED,officer,8,69,False,0.8214,True,False,False,
BP p.l.c.,8,entity,CASTROL INDIA LIMITED,CAFE INDIA LIMITED,entity,5,76,False,0.8205,False,False,False,
BP p.l.c.,8,entity,CASTROL INDIA LIMITED,INDIA GATE LIMITED,entity,9,76,False,0.8205,False,False,False,
BP p.l.c.,15,entity,CASTROL HOLDINGS INTERNATIONAL LIMITED,TOP GLORY INTERNATIONAL HOLDINGS LIMITED,intermediary,3,75,False,0.8205,False,False,False,
BP p.l.c.,97,entity,Bp Gamma Holdings,BIG GAMMA HOLDINGS INC,entity,7,72,False,0.8205,False,False,False,
BP p.l.c.,149,entity,CASTROL HOLDINGS INTERNATIONAL LIMITED,TOP GLORY INTERNATIONAL HOLDINGS LIMITED,intermediary,3,75,False,0.8205,False,False,False,
Bank Saderat PLC,12,person,DOMINIC NICHOLAS,NICHOLAS DOMINIC WRIGHT,officer,0,69,False,0.8205,True,False,False,
Biffa plc,11,entity,RENEWI HOLDINGS LIMITED,HOLDINGS LIMITED,officer,0,69,False,0.8205,False,False,False,
Care UK Social Care,26,entity,CARE UK MIDCO LIMITED,Barb Midco Limited,officer,0,76,False,0.8205,False,False,False,
DMGT,18,person,WILLIAM GEORGE TOUCHE,WILLIAM GEORGE & SON,intermediary,0,76,False,0.8205,True,False,False,
DMGT,25,entity,ENTALE MEDIA LIMITED,Leads Media Limited,entity,9,75,False,0.8205,False,False,False,
DMGT,25,entity,ENTALE MEDIA LIMITED,Loyal Media Limited,officer,3,40,False,0.8205,False,False,False,
Glencore plc,28,entity,Pasar Holdings Inc,PARALLAX HOLDINGS INC.,intermediary,6,76,False,0.8205,False,False,False,
Hornsea 1 Limited,27,entity,OPTIMUS WIND LIMITED,OPTIMUS BET LIMITED,entity,5,55,False,0.8205,False,False,False,
Hornsea 1 Limited,46,person,EDMUND GEORGE ANDREW,Andrew George Bruyn,officer,3,75,False,0.8205,True,False,False,
Rosneft,45,entity,ROSNEFT FINANCE S.A.,DELTONET FINANCE S.A.,entity,0,30,False,0.8205,False,False,False,
Rosneft,120,entity,Government of Russia,GOVERNMENT OF SAMOA,officer,6,75,False,0.8205,False,False,False,
Rosneft,120,entity,Government of Russia,GOVERNMENT OF SAMOA,officer,7,75,False,0.8205,False,False,False,
BP p.l.c.,41,entity,BP EXPLORATION (ALPHA) LIMITED,BP EXPLORATION (EL DJAZAIR) LIMITED,entity,2,66,False,0.8197,False,False,False,
BP p.l.c.,79,entity,BP EXPLORATION (ALPHA) LIMITED,BP EXPLORATION (EL DJAZAIR) LIMITED,entity,2,66,False,0.8197,False,False,False,
BP p.l.c.,158,entity,MONA OFFSHORE WIND HOLDINGS LIMITED,Sure Wind Holdings Limited,officer,2,71,False,0.8197,False,False,False,
BP p.l.c.,194,entity,BP GLOBAL SOLUTIONS LIMITED,SOVEREIGN GLOBAL SOLUTIONS LIMITED,officer,2,61,False,0.8197,False,False,False,
BP p.l.c.,237,entity,BP+AMOCO INTERNATIONAL LIMITED,PW MINING INTERNATIONAL LIMITED,intermediary,7,38,False,0.8197,False,False,False,
Care UK Social Care,21,entity,CARE UK DEVELOPMENTS 3 LIMITED,ASCOT PARK DEVELOPMENTS LIMITED,entity,5,74,False,0.8197,False,False,False,
Newcastle United FC,48,entity,THE FOOTBALL CHANNEL LIMITED,The Chelsea Football Club Limited,officer,1,75,False,0.8197,False,False,False,
TAQA Bratani Limited,23,entity,ENQUEST ADVANCE HOLDINGS LIMITED,RICH ADVANCE HOLDINGS LIMITED,entity,9,59,False,0.8197,False,False,False,
TAQA Bratani Limited,49,entity,BP EXPLORATION (ALPHA) LIMITED,BP EXPLORATION (EL DJAZAIR) LIMITED,entity,2,66,False,0.8197,False,False,False,
TAQA Bratani Limited,55,entity,BP EXPLORATION (EPSILON) LIMITED,BP EXPLORATION VENZUELA LIMITED,entity,0,45,False,0.8197,False,False,False,
TAQA Bratani Limited,65,entity,BP EXPLORATION LIBYA LIMITED,BP EXPLORATION (EL DJAZAIR) LIMITED,entity,1,48,False,0.8197,False,False,False,
TAQA Bratani Limited,95,entity,AZULE ENERGY HOLDINGS LIMITED,MewOcean Energy Holdings Limited,officer,0,53,False,0.8197,False,False,False,
TAQA Bratani Limited,95,entity,AZULE ENERGY HOLDINGS LIMITED,NewOcean Energy Holdings Limited,officer,1,53,False,0.8197,False,False,False,
A.P. Moller-Maersk,21,entity,MAERSK MALAYSIA SDN. BHD.,CRMC (Malaysia) Sdn Bhd,officer,1,78,False,0.8182,False,False,False,
BP p.l.c.,36,entity,BP CARBON TRADING LIMITED,B W TRADING LIMITED,intermediary,9,60,False,0.8182,False,False,False,
BP p.l.c.,64,entity,BP CHEMICALS LIMITED,HEXING CHEMICALS LIMITED,entity,3,58,False,0.8182,False,False,False,
BP p.l.c.,64,entity,BP CHEMICALS LIMITED,RENSIN CHEMICALS LIMITED,entity,7,58,False,0.8182,False,False,False,
BP p.l.c.,72,entity,BP EXPLORATION (AZERBAIJAN) LIMITED,BP EXPLORATION (EL DJAZAIR) LIMITED,entity,2,66,False,0.8182,False,False,False,
BP p.l.c.,73,entity,BP EXPLORATION & PRODUCTION INC.,ARCO CONGO EXPLORATION & PRODUCTION INC.,entity,1,72,False,0.8182,False,False,False,
BP p.l.c.,89,entity,Bp International Ltd,WAYDEN INTERNATIONAL LTD.,entity,0,58,False,0.8182,False,False,False,
BP p.l.c.,89,entity,Bp International Ltd,JARSEY INTERNATIONAL LTD.,entity,7,58,False,0.8182,False,False,False,
BP p.l.c.,89,entity,Bp International Ltd,HANWIN INTERNATIONAL LTD,intermediary,1,75,False,0.8182,False,False,False,
BP p.l.c.,89,entity,Bp International Ltd,JARSEY INTERNATIONAL LTD.,intermediary,2,58,False,0.8182,False,False,False,
BP p.l.c.,113,person,Meg O'Neill,TOM O'NEILL,officer,6,27,False,0.8182,True,False,False,
BP p.l.c.,117,entity,INEOS ACETYLS INTERNATIONAL LIMITED,MICROCITY INTERNATIONAL LIMITED,entity,7,31,False,0.8182,False,False,False,
BP p.l.c.,156,entity,MORVEN OFFSHORE WIND HOLDINGS LIMITED,MYT Holdings Offshore Limited,officer,6,72,False,0.8182,False,False,False,
BP p.l.c.,180,entity,BP CHEMICALS LIMITED,HEXING CHEMICALS LIMITED,entity,3,58,False,0.8182,False,False,False,
BP p.l.c.,180,entity,BP CHEMICALS LIMITED,RENSIN CHEMICALS LIMITED,entity,7,58,False,0.8182,False,False,False,
BP p.l.c.,226,entity,BP PROPERTIES LIMITED,KERRY PROPERTIES LIMTED,intermediary,8,73,False,0.8182,False,False,False,
BP p.l.c.,244,entity,BLUE OCEAN SEISMIC SERVICES LIMITED,GLOBAL SEISMIC SERVICES LIMITED,entity,9,68,False,0.8182,True,False,False,
BP p.l.c.,246,entity,BXL PLASTICS LIMITED,QUALITY PLASTICS LIMITED,entity,6,50,False,0.8182,False,False,False,
Biffa plc,14,entity,BIFFA BDR HOLDINGS LIMITED,BIFFA HOLDINGS LTD,officer,0,69,False,0.8182,True,False,False,
Biffa plc,18,entity,BIFFA CUMBRIA HOLDINGS LTD,BIFFA HOLDINGS LTD,officer,0,69,False,0.8182,True,False,False,
Biffa plc,30,entity,ELWA HOLDINGS LIMITED,MILNER HOLDINGS LIMITED,officer,2,47,False,0.8182,False,False,False,
Biffa plc,30,entity,ELWA HOLDINGS LIMITED,ESSIEN HOLDINGS LIMITED,officer,7,78,False,0.8182,False,False,False,
Biffa plc,30,entity,ELWA HOLDINGS LIMITED,ANANDA HOLDINGS LIMITED,intermediary,5,78,False,0.8182,False,False,False,
Care UK Social Care,4,person,CSC CORPORATE SERVICES (UK) LIMITED,TRITON CORPORATE SERVICES LIMITED,intermediary,2,69,False,0.8182,False,False,False,
Care UK Social Care,23,entity,CARE UK HOLDINGS LIMITED,ENM HOLDINGS LIMITED,intermediary,2,70,False,0.8182,False,False,False,
Care UK Social Care,23,entity,CARE UK HOLDINGS LIMITED,LMC HOLDINGS LIMITED,intermediary,7,66,False,0.8182,False,False,False,
Care UK Social Care,26,entity,CARE UK MIDCO LIMITED,Ariel P&C Midco Limited,officer,7,69,False,0.8182,False,False,False,
Care UK Social Care,29,entity,PJLS HOLDINGS LIMITED,MILNER HOLDINGS LIMITED,officer,2,78,False,0.8182,False,False,False,
Care UK Social Care,29,entity,PJLS HOLDINGS LIMITED,ESSIEN HOLDINGS LIMITED,officer,7,47,False,0.8182,False,False,False,
Care UK Social Care,30,entity,COMMUNITY HEALTH SERVICES LIMITED,TURNQUEST HEALTH SERVICES LIMITED,officer,1,39,False,0.8182,False,False,False,
DMGT,3,entity,DMG ATLANTIC LIMITED,Atlantic Company Limited,officer,9,75,False,0.8182,True,False,False,
DMGT,26,entity,YOPA PROPERTY LIMITED,Twinny Property Limited,officer,5,73,False,0.8182,False,False,False,
DMGT,54,entity,ANDOR HOLDCO LIMITED,Diamond Holdco 3 Limited,officer,9,70,False,0.8182,False,False,False,
LVMH,12,entity,FLAVIUS INVESTISSEMENTS,Assur Investissements,officer,4,78,False,0.8182,False,False,False,
Newcastle United FC,2,entity,Public Investment Fund,Investment Select Fund,officer,4,77,False,0.8182,False,False,False,
Newcastle United FC,9,entity,SITE Ventures Company,TROJAN VENTURES COMPANY,officer,0,73,False,0.8182,False,False,False,
Newcastle United FC,44,entity,MASH HOLDINGS LIMITED,CHICHI HOLDINGS LIMITED,entity,4,47,False,0.8182,False,False,False,
Newcastle United FC,44,entity,MASH HOLDINGS LIMITED,MILNER HOLDINGS LIMITED,officer,2,78,False,0.8182,False,False,False,
Newcastle United FC,44,entity,MASH HOLDINGS LIMITED,ESSIEN HOLDINGS LIMITED,officer,7,47,False,0.8182,False,False,False,
Newcastle United FC,44,entity,MASH HOLDINGS LIMITED,ANANDA HOLDINGS LIMITED,intermediary,5,47,False,0.8182,False,False,False,
Nordea Bank Abp,10,entity,Nordea Investment Management AB,STRONGLAKE INVESTMENT MANAGEMENT AB,officer,2,77,False,0.8182,False,False,False,
Nordea Bank Abp,10,entity,Nordea Investment Management AB,STRONGLAKE INVESTMENT MANAGEMENT AB,officer,3,77,False,0.8182,False,False,False,
Rosneft,115,entity,QH Oil Investments LLC,MOLISE INVESTMENTS LLC,entity,9,77,False,0.8182,False,False,False,
TAQA Bratani Limited,30,entity,ENQUEST PROGRESS LIMITED,SEA PROGRESS LIMITED,entity,1,50,False,0.8182,False,False,False,
TAQA Bratani Limited,50,entity,BP EXPLORATION (AZERBAIJAN) LIMITED,BP EXPLORATION (EL DJAZAIR) LIMITED,entity,2,66,False,0.8182,False,False,False,
TAQA Bratani Limited,65,entity,BP EXPLORATION LIBYA LIMITED,Petro-Canada Exploration (Libya) Limited,entity,2,68,False,0.8182,False,False,False,
Unilever PLC,66,entity,UNILEVER FINANCE INTERNATIONAL B.V.,REPSOL INTERNATIONAL FINANCE B.V.,officer,0,76,False,0.8182,False,False,False,
Unilever PLC,89,person,NELSON PELTZ,NELSON LTD.,entity,2,25,False,0.8182,True,False,False,
Unilever PLC,89,person,NELSON PELTZ,NELSON LTD.,entity,3,25,False,0.8182,True,False,False,
BP p.l.c.,34,entity,BP Australia Investments Pty Ltd,Touchwood Investments Australia Pty Ltd.,officer,0,66,False,0.8169,False,False,False,
BP p.l.c.,131,entity,KUWAIT PETROLEUM (U.K. HOLDINGS) LIMITED,WINSWAY PETROLEUM HOLDINGS LIMITED,officer,5,56,False,0.8169,False,False,False,
BP p.l.c.,131,entity,KUWAIT PETROLEUM (U.K. HOLDINGS) LIMITED,WINSWAY PETROLEUM HOLDINGS LIMITED,officer,6,56,False,0.8169,False,False,False,
BP p.l.c.,245,entity,HORIZON 38 MANAGEMENT COMPANY LIMITED,KENTRIC MANAGEMENT COMPANY LIMITED,intermediary,1,72,False,0.8169,False,False,False,
Bank Saderat PLC,5,entity,IRAN OVERSEAS INVESTMENT BANK LIMITED,MARVEL OVERSEAS INVESTMENT LIMITED,officer,4,56,False,0.8169,False,False,False,
Bank Saderat PLC,5,entity,IRAN OVERSEAS INVESTMENT BANK LIMITED,APOLLO INVESTMENT OVERSEAS LIMITED,officer,7,70,False,0.8169,False,False,False,
Care UK Social Care,30,entity,COMMUNITY HEALTH SERVICES LIMITED,WO KEE HONG COMMUNITY SERVICES LIMITED,entity,7,73,False,0.8169,False,False,False,
DMGT,47,entity,PAVILIONS WEST MANAGEMENT COMPANY LIMITED,PVC MANAGEMENT COMPANY LIMITED,officer,1,70,False,0.8169,False,False,False,
Newcastle United FC,13,entity,GIB Asset Management (Cayman) SPC Ltd,Viva Asset Management (Cayman) Limited,officer,3,75,False,0.8169,False,False,False,
TAQA Bratani Limited,74,entity,BP KARABAGH OPERATING COMPANY LIMITED,ABSHERON OPERATING COMPANY LIMITED,entity,6,56,False,0.8169,False,False,False,
TAQA Bratani Limited,74,entity,BP KARABAGH OPERATING COMPANY LIMITED,ABSHERON OPERATING COMPANY LIMITED,entity,7,56,False,0.8169,False,False,False,
A.P. Moller-Maersk,48,entity,Pentalver Transport Limited,ZARB TRANSPORT LIMITED,officer,3,44,False,0.8163,False,False,False,
BP p.l.c.,17,entity,BRITANNIC TRADING LIMITED,PARVINCO TRADING LIMITED,officer,6,40,False,0.8163,False,False,False,
BP p.l.c.,38,entity,LUBRICANTS UK LIMITED,MAKO-LUBE LUBRICANTS LIMITED,entity,9,71,False,0.8163,False,False,False,
BP p.l.c.,141,entity,BRITANNIC MARKETING LIMITED,JIBC Marketing Limited,officer,7,74,False,0.8163,False,False,False,
BP p.l.c.,143,entity,BRITANNIC TRADING LIMITED,PARVINCO TRADING LIMITED,officer,6,40,False,0.8163,False,False,False,
BP p.l.c.,151,entity,VICEROY INVESTMENTS LIMITED,PS Investments Limited,officer,3,74,False,0.8163,False,False,False,
BP p.l.c.,153,entity,CONSOLIDATED PETROLEUM SUPPLY COMPANY LIMITED(THE),CONSOLIDATED PETROLEUM PURCHASING COMPANY LIMITED,entity,3,81,False,0.8163,False,False,False,
BP p.l.c.,153,entity,CONSOLIDATED PETROLEUM SUPPLY COMPANY LIMITED(THE),CONSOLIDATED PETROLEUM PURCHASING COMPANY LIMITED,entity,4,81,False,0.8163,False,False,False,
BP p.l.c.,206,entity,BP LAMBDA HOLDINGS LIMITED,ANANDA HOLDINGS LIMITED,intermediary,6,50,False,0.8163,False,False,False,
BP p.l.c.,209,entity,BP MIDDLE EAST LIMITED,HUNTING MIDDLE EAST LIMITED,entity,6,62,False,0.8163,False,False,False,
BP p.l.c.,209,entity,BP MIDDLE EAST LIMITED,TRACKON MIDDLE EAST LIMITED,entity,7,59,False,0.8163,False,False,False,
BP p.l.c.,209,entity,BP MIDDLE EAST LIMITED,Informa Middle East Limited,officer,0,59,False,0.8163,False,False,False,
BP p.l.c.,209,entity,BP MIDDLE EAST LIMITED,MINERVA (MIDDLE EAST) LIMITED,intermediary,7,59,False,0.8163,False,False,False,
BP p.l.c.,253,person,JOHANNES ANTONIUS TEYSSEN,"SEGERS, JOHANNES ANTONIUS",officer,2,76,False,0.8163,True,False,False,
Biffa plc,11,entity,RENEWI HOLDINGS LIMITED,REDSHIELD HOLDINGS LIMITED,officer,3,76,False,0.8163,False,False,False,
Care UK Social Care,17,entity,CHS HEALTHCARE LIMITED,EMIRATES HEALTHCARE LIMITED,officer,4,74,False,0.8163,False,False,False,
Care UK Social Care,17,entity,CHS HEALTHCARE LIMITED,Emirates Healthcare Limited,officer,5,74,False,0.8163,False,False,False,
DMGT,26,entity,YOPA PROPERTY LIMITED,Eaton Place Property Limited,entity,1,39,False,0.8163,False,False,False,
DMGT,32,entity,DMG ASSET FINANCE LIMITED,MARCROSS FINANCE LIMITED,entity,9,24,False,0.8163,False,False,False,
DMGT,36,entity,DMG INFORMATION LIMITED,Sports Information Limited,entity,9,57,False,0.8163,False,False,False,
DMGT,36,entity,DMG INFORMATION LIMITED,ARCTIC INFORMATION LIMITED,officer,3,76,False,0.8163,False,False,False,
Glencore plc,9,entity,GLENCORE SINGAPORE PTE. LTD.,Tomen (Singapore) Pte Ltd,officer,1,42,False,0.8163,False,False,False,
Hornsea 1 Limited,3,entity,WALNEY EXTENSION LIMITED,EXTENSION TRADING LIMITED,entity,2,76,False,0.8163,True,False,False,
Hornsea 1 Limited,64,entity,HORNSEA 1 HOLDINGS LIMITED,TELE 1 HOLDINGS LIMITED,officer,1,53,False,0.8163,False,False,False,
Newcastle United FC,39,entity,NCUK INVESTMENT LIMITED,JACINTO INVESTMENT LIMITED,intermediary,6,50,False,0.8163,False,False,False,
Newcastle United FC,44,entity,MASH HOLDINGS LIMITED,Multiwealth Holdings Limited,officer,6,71,False,0.8163,False,False,False,
TAQA Bratani Limited,6,entity,TAQA FINANCIAL SERVICES B.V.,"FINANCIAL SERVICES, S.A.",intermediary,1,62,False,0.8163,False,False,False,
TAQA Bratani Limited,98,entity,STRATIC UK HOLDINGS LIMITED,FX UK HOLDINGS LIMITED,officer,6,59,False,0.8163,False,False,False,
BP p.l.c.,173,entity,BP ASIA PACIFIC HOLDINGS LIMITED,HSBC Insurance (Asia-Pacific) Holdings Limited,officer,6,59,False,0.8158,False,False,False,
A.P. Moller-Maersk,39,entity,Svitzer Middle East Limited,TRACKON MIDDLE EAST LIMITED,entity,7,74,False,0.8148,False,False,False,
A.P. Moller-Maersk,39,entity,Svitzer Middle East Limited,Informa Middle East Limited,officer,0,40,False,0.8148,False,False,False,
BP p.l.c.,4,entity,BP SINGAPORE PTE. LIMITED,TRUSTNET (SINGAPORE) PTE LIMITED,intermediary,0,60,False,0.8148,False,False,False,
BP p.l.c.,15,entity,CASTROL HOLDINGS INTERNATIONAL LIMITED,HUGO INTERNATIONAL (HOLDINGS) COMPANY LIMITED,entity,3,74,False,0.8148,False,False,False,
BP p.l.c.,15,entity,CASTROL HOLDINGS INTERNATIONAL LIMITED,HUGO INTERNATIONAL (HOLDINGS) COMPANY LIMITED,intermediary,7,74,False,0.8148,False,False,False,
BP p.l.c.,119,entity,INEOS AROMATICS HOLDINGS LIMITED,INEOS HOLDINGS LIMITED,officer,0,68,False,0.8148,True,False,False,
BP p.l.c.,146,entity,GUANGDONG INVESTMENTS LIMITED,TUBAL INVESTMENTS LIMITED,entity,7,44,False,0.8148,False,False,False,
BP p.l.c.,149,entity,CASTROL HOLDINGS INTERNATIONAL LIMITED,HUGO INTERNATIONAL (HOLDINGS) COMPANY LIMITED,entity,3,74,False,0.8148,False,False,False,
BP p.l.c.,149,entity,CASTROL HOLDINGS INTERNATIONAL LIMITED,HUGO INTERNATIONAL (HOLDINGS) COMPANY LIMITED,intermediary,7,74,False,0.8148,False,False,False,
BP p.l.c.,151,entity,VICEROY INVESTMENTS LIMITED,ROSETTE INVESTMENTS LIMITED,entity,6,77,False,0.8148,False,False,False,
BP p.l.c.,227,entity,BP RETAIL PROPERTIES LIMITED,SEAGULL PROPERTIES LIMITED,entity,8,71,False,0.8148,False,False,False,
BP p.l.c.,228,entity,BP RUSSIAN INVESTMENTS LIMITED,ARPA INVESTMENTS LIMITED,entity,5,63,False,0.8148,False,False,False,
Biffa plc,18,entity,BIFFA CUMBRIA HOLDINGS LTD,BIFFA CORPORATE HOLDINGS LTD,officer,1,75,False,0.8148,True,False,False,
Biffa plc,25,entity,BIFFA PFI INVESTMENTS LIMITED,TUBAL INVESTMENTS LIMITED,entity,8,62,False,0.8148,False,False,False,
Biffa plc,31,entity,WAKEFIELD WASTE HOLDINGS LIMITED,WAKEFIELD HOLDINGS LTD.,entity,4,68,False,0.8148,True,False,False,
Care UK Social Care,21,entity,CARE UK DEVELOPMENTS 3 LIMITED,AMG DEVELOPMENTS LIMITED,entity,7,73,False,0.8148,False,False,False,
Care UK Social Care,24,entity,CARE UK INVESTMENTS LIMITED,ROSETTE INVESTMENTS LIMITED,entity,9,55,False,0.8148,False,False,False,
DMGT,58,entity,COMMODITY VECTORS LIMITED,COMMODITY INVESTMENTS LIMITED,entity,4,44,False,0.8148,True,False,False,
LVMH,9,entity,LVMH Asia Pacific Limited,WIN TIME (ASIA PACIFIC) LIMITED,entity,1,51,False,0.8148,False,False,False,
LVMH,13,entity,DELPHINE SAS,DELPHINE PASTOR,officer,0,73,False,0.8148,True,False,False,
LVMH,64,entity,UFIP (IRELAND) UNLIMITED COMPANY,FITRON UNLIMITED COMPANY,entity,2,63,False,0.8148,False,False,False,
Rosneft,111,entity,BP RUSSIAN INVESTMENTS LIMITED,ARPA INVESTMENTS LIMITED,entity,5,63,False,0.8148,False,False,False,
TAQA Bratani Limited,57,entity,BP EXPLORATION (PSI) LIMITED,Exploration Services Limited,officer,9,64,False,0.8148,True,False,False,
TAQA Bratani Limited,81,entity,BP SENEGAL INVESTMENTS LIMITED,ARPA INVESTMENTS LIMITED,entity,9,63,False,0.8148,False,False,False,
TAQA Bratani Limited,98,entity,STRATIC UK HOLDINGS LIMITED,BABCOCK (UK) HOLDINGS LIMITED,officer,7,40,False,0.8148,False,False,False,
Unilever PLC,70,entity,UNILEVER CAPITAL CORPORATION,ALLIED CAPITAL CORPORATION,officer,1,42,False,0.8148,False,False,False,
Unilever PLC,70,entity,UNILEVER CAPITAL CORPORATION,MERLIN CAPITAL CORPORATION,officer,4,75,False,0.8148,False,False,False,
Unilever PLC,70,entity,UNILEVER CAPITAL CORPORATION,VALTEC CAPITAL CORPORATION,officer,8,78,False,0.8148,False,False,False,
BP p.l.c.,177,entity,BP BIOFUELS INVESTMENTS LIMITED,BELLSTAR INVESTMENTS LIMITED,intermediary,5,74,False,0.8136,False,False,False,
BP p.l.c.,197,entity,BP HOLDINGS NORTH AMERICA LIMITED,NORTH-END HOLDINGS LIMITED,officer,4,72,False,0.8136,False,False,False,
BP p.l.c.,211,entity,BP NEW VENTURES MIDDLE EAST LIMITED,Middle East Ventures Ltd.,entity,4,68,False,0.8136,True,False,False,
BP p.l.c.,211,entity,BP NEW VENTURES MIDDLE EAST LIMITED,Middle East Ventures Ltd.,officer,0,68,False,0.8136,True,False,False,
BP p.l.c.,233,entity,BP THETA HOLDINGS LIMITED,THETA (CORPORATION) HOLDINGS LIMITED,entity,3,70,False,0.8136,True,False,False,
BP p.l.c.,247,entity,SALTEND CHEMICALS PARK LIMITED,LOMAR CHEMICALS MALTA LIMITED,officer,3,73,False,0.8136,False,False,False,
Biffa plc,1,entity,BIFFA WASTE SERVICES LIMITED,WASTE SERVICES HOLDINGS LIMITED,entity,1,77,False,0.8136,True,False,False,
Care UK Social Care,21,entity,CARE UK DEVELOPMENTS 3 LIMITED,CAPSTONE DEVELOPMENTS LIMITED,intermediary,3,66,False,0.8136,False,False,False,
Newcastle United FC,15,entity,Gulf International Bank B.S.C,CARIPLO BANK INTERNATIONAL S.A.,intermediary,4,80,False,0.8136,False,False,False,
Nordea Bank Abp,10,entity,Nordea Investment Management AB,AB INVESTMENT MANAGEMENT LTD.,entity,0,64,False,0.8136,False,False,False,
Nordea Bank Abp,10,entity,Nordea Investment Management AB,AB Investment Management LLC,officer,0,64,False,0.8136,False,False,False,
Nordea Bank Abp,10,entity,Nordea Investment Management AB,AB Investment Management Ltd.,officer,4,64,False,0.8136,False,False,False,
TAQA Bratani Limited,51,entity,BP EXPLORATION (CARIBBEAN) LIMITED,EXPLORATION CAPITAL LIMITED,officer,7,75,False,0.8136,True,False,False,
TAQA Bratani Limited,57,entity,BP EXPLORATION (PSI) LIMITED,BP EXPLORATION (EL DJAZAIR) LIMITED,entity,1,54,False,0.8136,False,False,False,
Unilever PLC,6,entity,"UNILEVER DE CENTROAMERICA, S.A.",Multimart De Centroamerica S.A.,entity,0,66,False,0.8136,False,False,False,
BP p.l.c.,1,entity,BP GLOBAL INVESTMENTS LIMITED,Global Services Investments Limited,officer,9,65,False,0.8125,False,False,False,
BP p.l.c.,158,entity,MONA OFFSHORE WIND HOLDINGS LIMITED,FORTUNE WIND HOLDINGS LIMITED,entity,0,37,False,0.8125,False,False,False,
BP p.l.c.,173,entity,BP ASIA PACIFIC HOLDINGS LIMITED,"Mirant Asia-Pacific Holdings, Inc.",officer,7,65,False,0.8125,False,False,False,
BP p.l.c.,176,entity,BP BIOFUELS BRAZIL INVESTMENTS LIMITED,BRAZIL INVESTMENTS LIMITED,entity,7,68,False,0.8125,True,False,False,
BP p.l.c.,193,entity,BP GLOBAL INVESTMENTS LIMITED,Global Services Investments Limited,officer,9,65,False,0.8125,False,False,False,
Hornsea 1 Limited,9,entity,HORNSEA 1 LIMITED,RAINS 1 LIMITED,officer,7,29,False,0.8125,False,False,False,
Hornsea 1 Limited,44,entity,HORNSEA 1 LIMITED,RAINS 1 LIMITED,officer,7,29,False,0.8125,False,False,False,
Hornsea 1 Limited,57,entity,HORNSEA 1 LIMITED,RAINS 1 LIMITED,officer,7,29,False,0.8125,False,False,False,
Hornsea 1 Limited,58,entity,Hornsea 1 Limited,RAINS 1 LIMITED,officer,7,29,False,0.8125,False,False,False,
Hornsea 1 Limited,65,entity,HORNSEA 1 LIMITED,RAINS 1 LIMITED,officer,7,29,False,0.8125,False,False,False,
LVMH,112,person,DOMINIQUE Aumont,DOMINIQUE FALZON,officer,7,12,False,0.8125,True,False,False,
Newcastle United FC,17,entity,GULF INTERNATIONAL BANK (UK) LIMITED,Dimon International UK Limited,officer,3,73,False,0.8125,False,False,False,
Nordea Bank Abp,10,entity,Nordea Investment Management AB,Servisen Investment Management AB,officer,1,81,False,0.8125,False,False,False,
TAQA Bratani Limited,25,entity,ENQUEST FORWARD HOLDINGS LIMITED,Dynamic Forward Holdings Limited,entity,2,78,False,0.8125,False,False,False,
TAQA Bratani Limited,58,entity,BP EXPLORATION (SHAH DENIZ) LIMITED,BP EXPLORATION VENZUELA LIMITED,entity,0,57,False,0.8125,False,False,False,
A.P. Moller-Maersk,22,entity,Maersk (China) Shipping Company Ltd.,Grand China Shipping Company Limited,officer,2,69,False,0.8116,False,False,False,
BP p.l.c.,131,entity,KUWAIT PETROLEUM (U.K. HOLDINGS) LIMITED,GRAND PETROLEUM HOLDINGS LIMITED,officer,7,54,False,0.8116,False,False,False,
Biffa plc,17,entity,BIFFA CORPORATE SERVICES LIMITED,Christabel Corporate Services Limited,entity,0,78,False,0.8116,False,False,False,
Newcastle United FC,13,entity,GIB Asset Management (Cayman) SPC Ltd,Formax Asset Management (Cayman) Ltd.,officer,1,71,False,0.8116,False,False,False,
TAQA Bratani Limited,39,entity,BP ADUA OPERATING COMPANY LIMITED,ASCOM SUDD OPERATING COMPANY LIMITED,officer,1,69,False,0.8116,False,False,False,
BP p.l.c.,15,entity,CASTROL HOLDINGS INTERNATIONAL LIMITED,VITOP INTERNATIONAL HOLDINGS LIMITED,officer,6,63,False,0.8108,False,False,False,
BP p.l.c.,20,entity,"IGI RESOURCES, INC.",OSGOOD RESOURCES INC.,entity,3,60,False,0.8108,False,False,False,
BP p.l.c.,20,entity,"IGI RESOURCES, INC.",OSGOOD RESOURCES INC.,officer,3,60,False,0.8108,False,False,False,
BP p.l.c.,20,entity,"IGI RESOURCES, INC.",NIMBUS RESOURCES INC.,officer,5,65,False,0.8108,False,False,False,
BP p.l.c.,149,entity,CASTROL HOLDINGS INTERNATIONAL LIMITED,VITOP INTERNATIONAL HOLDINGS LIMITED,officer,6,63,False,0.8108,False,False,False,
BP p.l.c.,157,entity,GRID EDGE LIMITED,GRID TRADING LIMITED,entity,2,35,False,0.8108,True,False,False,
BP p.l.c.,170,entity,BP AFRICA LIMITED,Joule Africa Limited,officer,5,75,False,0.8108,False,False,False,
BP p.l.c.,170,entity,BP AFRICA LIMITED,Ascot Africa Limited,officer,6,75,False,0.8108,False,False,False,
BP p.l.c.,170,entity,BP AFRICA LIMITED,CAMUS AFRICA LIMITED,officer,7,75,False,0.8108,False,False,False,
BP p.l.c.,172,entity,BP AMERICA LIMITED,BP SERVICES LIMITED,entity,1,21,False,0.8108,True,False,False,
BP p.l.c.,190,entity,BP FINANCE P.L.C,PREMIER FINANCE P.L.C.,entity,1,47,False,0.8108,False,False,False,
BP p.l.c.,207,entity,BP LOW CARBON DEVELOPMENT COMPANY LIMITED,HYSAN DEVELOPMENT COMPANY LIMITED,intermediary,0,51,False,0.8108,False,False,False,
Biffa plc,12,entity,ENERGEN BIOGAS LIMITED,ENERGEN LIMITED,entity,0,68,False,0.8108,True,False,False,
Biffa plc,22,entity,BIFFA HOLDCO LIMITED,ET Holdco Limited,entity,1,75,False,0.8108,False,False,False,
Biffa plc,22,entity,BIFFA HOLDCO LIMITED,ET Holdco Limited,officer,3,75,False,0.8108,False,False,False,
Care UK Social Care,26,entity,CARE UK MIDCO LIMITED,ET Midco Limited,entity,9,66,False,0.8108,False,False,False,
Care UK Social Care,26,entity,CARE UK MIDCO LIMITED,ET Midco Limited,officer,2,66,False,0.8108,False,False,False,
DMGT,54,entity,ANDOR HOLDCO LIMITED,ET Holdco Limited,entity,4,75,False,0.8108,False,False,False,
DMGT,54,entity,ANDOR HOLDCO LIMITED,BM HOLDCO LIMITED,entity,5,75,False,0.8108,False,False,False,
DMGT,54,entity,ANDOR HOLDCO LIMITED,ET Holdco Limited,officer,3,75,False,0.8108,False,False,False,
DMGT,54,entity,ANDOR HOLDCO LIMITED,HP Holdco Limited,officer,8,55,False,0.8108,False,False,False,
Glencore plc,6,entity,GLENCORE FUNDING LLC,EAGLE FUNDING LLC,officer,1,30,False,0.8108,False,False,False,
Glencore plc,28,entity,Pasar Holdings Inc,CAMJER HOLDINGS INC.,officer,9,31,False,0.8108,False,False,False,
Glencore plc,28,entity,Pasar Holdings Inc,ONFAIR HOLDINGS INC,intermediary,4,78,False,0.8108,False,False,False,
Rosneft,45,entity,ROSNEFT FINANCE S.A.,"BIONEX FINANCE, S.A.",officer,3,36,False,0.8108,False,False,False,
TAQA Bratani Limited,96,entity,AZULE ENERGY LIMITED,CC ENERGY LIMITED,officer,2,75,False,0.8108,False,False,False,
A.P. Moller-Maersk,6,entity,SVITZER Marine Limited,SWISS MARINE LIMITED,officer,8,77,False,0.8095,False,False,False,
BP p.l.c.,147,entity,HELIEX POWER LIMITED,Power Holdings Limited,officer,7,77,False,0.8095,True,False,False,
BP p.l.c.,246,entity,BXL PLASTICS LIMITED,A.D.G. PLASTICS LIMITED,officer,0,77,False,0.8095,True,False,False,
BP p.l.c.,246,entity,BXL PLASTICS LIMITED,K.C.A. PLASTICS LIMITED,officer,1,77,False,0.8095,False,False,False,
Care UK Social Care,13,entity,PRACTICE PLUS GROUP URGENT CARE HOLDINGS LIMITED,PRACTICE PLAN GROUP (HOLDINGS) LIMITED,officer,0,70,False,0.8095,False,False,False,
DMGT,18,person,WILLIAM GEORGE TOUCHE,William George KEMTER,officer,0,71,False,0.8095,True,False,False,
DMGT,18,person,WILLIAM GEORGE TOUCHE,William George Kemter,officer,1,71,False,0.8095,True,False,False,
DMGT,18,person,WILLIAM GEORGE TOUCHE,William George KEMTER,officer,7,71,False,0.8095,True,False,False,
DMGT,32,entity,DMG ASSET FINANCE LIMITED,Asset Finance Ltd,officer,2,68,False,0.8095,True,False,False,
DMGT,53,entity,EXCALIBUR HOLDCO LIMITED,HOLDCO CAM LIMITED,officer,7,70,False,0.8095,False,False,False,
DMGT,54,entity,ANDOR HOLDCO LIMITED,Mustang Holdco Limited,entity,3,36,False,0.8095,False,False,False,
DMGT,54,entity,ANDOR HOLDCO LIMITED,Mustang Holdco Limited,officer,4,36,False,0.8095,False,False,False,
Hornsea 1 Limited,33,entity,"PLUM CREEK WIND, LLC","PLUM CREEK HOLDINGS, LLC",entity,0,39,False,0.8095,True,False,False,
LVMH,4,entity,LVMH INVESTISSEMENTS,PRISME INVESTISSEMENTS,entity,0,77,False,0.8095,False,False,False,
LVMH,4,entity,LVMH INVESTISSEMENTS,MOTIVÃ? INVESTISSEMENTS,entity,7,72,False,0.8095,False,False,False,
LVMH,62,entity,BENEFIT COSMETICS LIMITED,COSMETICS LIMITED,entity,0,68,False,0.8095,True,False,False,
LVMH,63,entity,BULGARI IRELAND LIMITED,ADH (Ireland) Limited,officer,2,73,False,0.8095,False,False,False,
Rosneft,46,entity,NAYARA ENERGY LIMITED,Caribe Energy Limited,officer,1,33,False,0.8095,False,False,False,
Rosneft,46,entity,NAYARA ENERGY LIMITED,Trajan Energy Limited,intermediary,8,76,False,0.8095,False,False,False,
TAQA Bratani Limited,34,entity,ARCIUS ENERGY LIMITED,Vanoil Energy Limited,officer,0,33,False,0.8095,False,False,False,
TAQA Bratani Limited,96,entity,AZULE ENERGY LIMITED,SAMUDRA ENERGY LIMITED,intermediary,9,36,False,0.8095,False,False,False,
BP p.l.c.,16,entity,BP GAS MARKETING LIMITED,KANDI MARKETING LIMITED,entity,6,75,False,0.8085,False,False,False,
BP p.l.c.,133,entity,SNOWMASS HOLDINGS LIMITED,INCAT HOLDINGS LIMITED,intermediary,3,43,False,0.8085,False,False,False,
BP p.l.c.,226,entity,BP PROPERTIES LIMITED,SEAGULL PROPERTIES LIMITED,entity,7,57,False,0.8085,False,False,False,
BP p.l.c.,226,entity,BP PROPERTIES LIMITED,TERRACE PROPERTIES LIMITED,entity,9,57,False,0.8085,False,False,False,
Biffa plc,11,entity,RENEWI HOLDINGS LIMITED,RED DOG HOLDINGS LIMITED,entity,2,66,False,0.8085,False,False,False,
Biffa plc,11,entity,RENEWI HOLDINGS LIMITED,OLDWICK HOLDINGS LIMITED,officer,1,75,False,0.8085,False,False,False,
Biffa plc,11,entity,RENEWI HOLDINGS LIMITED,HARMONY HOLDINGS LIMITED,officer,9,37,False,0.8085,False,False,False,
Biffa plc,11,entity,RENEWI HOLDINGS LIMITED,DYNAMIC HOLDINGS LIMITED,intermediary,4,37,False,0.8085,False,False,False,
Biffa plc,21,entity,BIFFA GS HOLDINGS LIMITED,INCAT HOLDINGS LIMITED,intermediary,3,48,False,0.8085,False,False,False,
Biffa plc,30,entity,ELWA HOLDINGS LIMITED,REDSHIELD HOLDINGS LIMITED,officer,3,42,False,0.8085,False,False,False,
Care UK Social Care,17,entity,CHS HEALTHCARE LIMITED,ABBOTT HEALTHCARE LIMITED,officer,6,76,False,0.8085,False,False,False,
Care UK Social Care,23,entity,CARE UK HOLDINGS LIMITED,PTS HOLDINGS (UK) LIMITED,officer,6,62,False,0.8085,False,False,False,
DMGT,53,entity,EXCALIBUR HOLDCO LIMITED,Excalibur Group Limited,entity,7,75,False,0.8085,True,False,False,
Hornsea 1 Limited,55,person,BENJAMIN MICHAEL BURGESS,BENJAMIN MICHAEL CLEMES,officer,5,79,False,0.8085,True,False,False,
Hornsea 1 Limited,55,person,BENJAMIN MICHAEL BURGESS,Booker - Benjamin Michael,officer,8,79,False,0.8085,True,False,False,
LVMH,24,entity,CHAUMET INTERNATIONAL SA.,ASSUA INTERNATIONAL S.A.,entity,2,70,False,0.8085,False,False,False,
LVMH,24,entity,CHAUMET INTERNATIONAL SA.,SALENA INTERNATIONAL SA,officer,1,37,False,0.8085,False,False,False,
LVMH,63,entity,BULGARI IRELAND LIMITED,Bulgari Overseas Limited,entity,0,45,False,0.8085,False,False,False,
Newcastle United FC,30,entity,NEWCASTLE UNITED LIMITED,Newcastle Sales Limited,officer,0,79,False,0.8085,False,False,False,
Newcastle United FC,39,entity,NCUK INVESTMENT LIMITED,DAMOR INVESTMENT LIMITED,officer,0,54,False,0.8085,False,False,False,
Newcastle United FC,39,entity,NCUK INVESTMENT LIMITED,MORTA INVESTMENT LIMITED,officer,3,79,False,0.8085,False,False,False,
Newcastle United FC,39,entity,NCUK INVESTMENT LIMITED,Shale Investment Limited,officer,5,79,False,0.8085,False,False,False,
Newcastle United FC,39,entity,NCUK INVESTMENT LIMITED,DAMOR INVESTMENT LIMITED,officer,6,54,False,0.8085,False,False,False,
Newcastle United FC,41,entity,REDSTART LEISURE LIMITED,REDSTART ASSETS LIMITED,entity,2,75,False,0.8085,False,False,False,
Newcastle United FC,44,entity,MASH HOLDINGS LIMITED,REDSHIELD HOLDINGS LIMITED,officer,3,73,False,0.8085,False,False,False,
TAQA Bratani Limited,70,entity,BP GAS MARKETING LIMITED,KANDI MARKETING LIMITED,entity,6,75,False,0.8085,False,False,False,
A.P. Moller-Maersk,39,entity,Svitzer Middle East Limited,Forum Middle East Limited,entity,3,48,False,0.8077,False,False,False,
A.P. Moller-Maersk,48,entity,Pentalver Transport Limited,Opalway Transport Limited,entity,6,74,False,0.8077,False,False,False,
A.P. Moller-Maersk,48,entity,Pentalver Transport Limited,SUPREME TRANSPORT LIMITED,officer,1,70,False,0.8077,False,False,False,
BP p.l.c.,41,entity,BP EXPLORATION (ALPHA) LIMITED,Bell Exploration Limited,officer,5,71,False,0.8077,False,False,False,
BP p.l.c.,66,entity,BRITANNIC STRATEGIES LIMITED,Britannic Assets Limited,entity,4,35,False,0.8077,False,False,False,
BP p.l.c.,66,entity,BRITANNIC STRATEGIES LIMITED,Britannic Assets Limited,officer,0,35,False,0.8077,False,False,False,
BP p.l.c.,79,entity,BP EXPLORATION (ALPHA) LIMITED,Bell Exploration Limited,officer,5,71,False,0.8077,False,False,False,
BP p.l.c.,130,entity,ROPEMAKER PROPERTIES LIMITED,Coral Properties Limited,officer,9,42,False,0.8077,False,False,False,
BP p.l.c.,141,entity,BRITANNIC MARKETING LIMITED,HORIZON MARKETING LIMITED,officer,3,74,False,0.8077,False,False,False,
BP p.l.c.,141,entity,BRITANNIC MARKETING LIMITED,ARKADIA MARKETING LIMITED,officer,8,77,False,0.8077,False,False,False,
BP p.l.c.,141,entity,BRITANNIC MARKETING LIMITED,FORTUNE MARKETING LIMITED,intermediary,0,74,False,0.8077,False,False,False,
BP p.l.c.,142,entity,BRITANNIC STRATEGIES LIMITED,Britannic Assets Limited,entity,4,35,False,0.8077,False,False,False,
BP p.l.c.,142,entity,BRITANNIC STRATEGIES LIMITED,Britannic Assets Limited,officer,0,35,False,0.8077,False,False,False,
BP p.l.c.,146,entity,GUANGDONG INVESTMENTS LIMITED,PGM INVESTMENTS LIMITED,entity,6,51,False,0.8077,False,False,False,
BP p.l.c.,146,entity,GUANGDONG INVESTMENTS LIMITED,PGM INVESTMENTS LIMITED,intermediary,2,51,False,0.8077,False,False,False,
BP p.l.c.,194,entity,BP GLOBAL SOLUTIONS LIMITED,BP RISK SOLUTIONS LIMITED,entity,4,55,False,0.8077,True,False,False,
BP p.l.c.,221,entity,BP PENSION ESCROW LIMITED,BP Pension Trustees Limited,officer,0,40,False,0.8077,False,False,False,
Biffa plc,25,entity,BIFFA PFI INVESTMENTS LIMITED,PGM INVESTMENTS LIMITED,entity,6,72,False,0.8077,False,False,False,
Biffa plc,25,entity,BIFFA PFI INVESTMENTS LIMITED,PGM INVESTMENTS LIMITED,intermediary,0,72,False,0.8077,False,False,False,
Care UK Social Care,23,entity,CARE UK HOLDINGS LIMITED,INTEGRAL UK HOLDINGS LIMITED,officer,5,50,False,0.8077,False,False,False,
LVMH,9,entity,LVMH Asia Pacific Limited,Better Asia Pacific Limited,officer,7,62,False,0.8077,False,False,False,
Newcastle United FC,45,entity,ST JAMES HOLDINGS LIMITED,GOLFSTREAM HOLDINGS LIMITED,entity,8,33,False,0.8077,False,False,False,
TAQA Bratani Limited,6,entity,TAQA FINANCIAL SERVICES B.V.,ABACUS FINANCIAL SERVICES,intermediary,5,55,False,0.8077,False,False,False,
TAQA Bratani Limited,49,entity,BP EXPLORATION (ALPHA) LIMITED,Bell Exploration Limited,officer,5,71,False,0.8077,False,False,False,
TAQA Bratani Limited,63,entity,BP EXPLORATION CHINA LIMITED,Bell Exploration Limited,officer,5,75,False,0.8077,False,False,False,
TAQA Bratani Limited,65,entity,BP EXPLORATION LIBYA LIMITED,Bell Exploration Limited,officer,7,67,False,0.8077,False,False,False,
TAQA Bratani Limited,86,entity,BP WEST PAPUA I LIMITED,ExxonMobil West Papua Limited,entity,0,68,False,0.8077,False,False,False,
TAQA Bratani Limited,89,entity,ENI IS EXPLORATION LIMITED,ALKANE EXPLORATION LIMITED,entity,5,69,False,0.8077,False,False,False,
A.P. Moller-Maersk,3,entity,APM Terminals Mauritius Limited,ASCENDAS (MAURITIUS) LIMITED,officer,8,45,False,0.807,False,False,False,
A.P. Moller-Maersk,22,entity,Maersk (China) Shipping Company Ltd.,STN SHIPPING COMPANY LTD,officer,5,48,False,0.807,False,False,False,
BP p.l.c.,1,entity,BP GLOBAL INVESTMENTS LIMITED,PENTAGON INVESTMENTS LIMITED,intermediary,5,34,False,0.807,False,False,False,
BP p.l.c.,31,entity,BP EXPLORATION (CASPIAN SEA) LIMITED,SEA EXPLORATION LIMITED,entity,4,67,False,0.807,True,False,False,
BP p.l.c.,146,entity,GUANGDONG INVESTMENTS LIMITED,PENTAGON INVESTMENTS LIMITED,intermediary,3,34,False,0.807,False,False,False,
BP p.l.c.,151,entity,VICEROY INVESTMENTS LIMITED,Sunevision Investments Limited,officer,9,73,False,0.807,False,False,False,
BP p.l.c.,193,entity,BP GLOBAL INVESTMENTS LIMITED,PENTAGON INVESTMENTS LIMITED,intermediary,5,34,False,0.807,False,False,False,
BP p.l.c.,199,entity,BP INTEGRATED SOLUTIONS LIMITED,"Z Integrated Solutions, Inc.",entity,7,58,False,0.807,True,False,False,
BP p.l.c.,227,entity,BP RETAIL PROPERTIES LIMITED,BERRYVILLE PROPERTIES LIMITED,entity,4,44,False,0.807,False,False,False,
BP p.l.c.,237,entity,BP+AMOCO INTERNATIONAL LIMITED,MAENE INTERNATIONAL LIMITED,intermediary,1,50,False,0.807,False,False,False,
Biffa plc,10,entity,RENEWI EUROPEAN HOLDINGS LIMITED,PAN-EUROPEAN HOLDINGS LTD.,officer,8,71,False,0.807,False,False,False,
Biffa plc,13,entity,BIFFA ARGYLL & BUTE HOLDINGS LIMITED,ARGYLL HOLDINGS LIMITED,entity,0,67,False,0.807,True,False,False,
Care UK Social Care,21,entity,CARE UK DEVELOPMENTS 3 LIMITED,SCANIA DEVELOPMENTS LIMITED,intermediary,0,56,False,0.807,False,False,False,
DMGT,23,entity,MAIL FINANCE SERVICES LIMITED,FARWELL FINANCE SERVICES LTD.,entity,1,44,False,0.807,False,False,False,
TAQA Bratani Limited,52,entity,BP EXPLORATION (CASPIAN SEA) LIMITED,SEA EXPLORATION LIMITED,entity,4,67,False,0.807,True,False,False,
TAQA Bratani Limited,57,entity,BP EXPLORATION (PSI) LIMITED,BP EXPLORATION VENZUELA LIMITED,entity,0,74,False,0.807,False,False,False,
TAQA Bratani Limited,60,entity,BP EXPLORATION (STP) LIMITED,BP EXPLORATION VENZUELA LIMITED,entity,0,74,False,0.807,False,False,False,
TAQA Bratani Limited,81,entity,BP SENEGAL INVESTMENTS LIMITED,ROSETTE INVESTMENTS LIMITED,entity,4,70,False,0.807,False,False,False,
TAQA Bratani Limited,81,entity,BP SENEGAL INVESTMENTS LIMITED,PAYETTE INVESTMENTS LIMITED,entity,8,70,False,0.807,False,False,False,
BP p.l.c.,148,entity,CASTROL GROUP HOLDINGS LIMITED,BROADGATE GROUP HOLDINGS LIMITED,entity,0,75,False,0.8065,False,False,False,
BP p.l.c.,148,entity,CASTROL GROUP HOLDINGS LIMITED,Stateside Group Holdings Limited,officer,0,43,False,0.8065,False,False,False,
Care UK Social Care,21,entity,CARE UK DEVELOPMENTS 3 LIMITED,LANDMARK DEVELOPMENTS (UK) LIMITED,officer,1,50,False,0.8065,False,False,False,
Care UK Social Care,21,entity,CARE UK DEVELOPMENTS 3 LIMITED,LANDMARK DEVELOPMENTS(UK) LIMITED,officer,2,50,False,0.8065,False,False,False,
Care UK Social Care,21,entity,CARE UK DEVELOPMENTS 3 LIMITED,LANDMARK DEVELOPMENTS(UK) LIMITED,officer,3,50,False,0.8065,False,False,False,
DMGT,48,entity,A&N MEDIA FINANCE SERVICES LIMITED,FIRST MEDIA SERVICES LIMITED,entity,8,73,False,0.8065,False,False,False,
Rosneft,38,entity,TNK Trading International S.A.,OLDROAD INTERNATIONAL TRADING S.A.,entity,2,72,False,0.8065,False,False,False,
TAQA Bratani Limited,19,entity,SULLOM VOE ASSOCIATION LIMITED (THE),"CLUB ASSOCIATION LIMITED, THE",entity,7,52,False,0.8065,False,False,False,
BP p.l.c.,122,entity,PEARL RIVER DELTA INVESTMENTS LIMITED,Sapi River Investments Limited,officer,3,56,False,0.806,False,False,False,
Care UK Social Care,4,person,CSC CORPORATE SERVICES (UK) LIMITED,PARADYM CORPORATE SERVICES LIMITED,intermediary,8,55,False,0.806,False,False,False,
BP p.l.c.,15,entity,CASTROL HOLDINGS INTERNATIONAL LIMITED,CHINESE INTERNATIONAL HOLDINGS LTD.,intermediary,8,73,False,0.8056,False,False,False,
BP p.l.c.,131,entity,KUWAIT PETROLEUM (U.K. HOLDINGS) LIMITED,VALLETTA PETROLEUM HOLDINGS LIMITED,officer,4,54,False,0.8056,False,False,False,
BP p.l.c.,145,entity,PENTLAND AVIATION FUELLING SERVICES LIMITED,PAN AVIATION SERVICES LIMITED,entity,8,67,False,0.8056,False,False,False,
BP p.l.c.,149,entity,CASTROL HOLDINGS INTERNATIONAL LIMITED,CHINESE INTERNATIONAL HOLDINGS LTD.,intermediary,8,73,False,0.8056,False,False,False,
Bank Saderat PLC,5,entity,IRAN OVERSEAS INVESTMENT BANK LIMITED,Compton Overseas Investment Limited,officer,6,67,False,0.8056,False,False,False,
Newcastle United FC,13,entity,GIB Asset Management (Cayman) SPC Ltd,T.A.L. Asset Management (Cayman) Limited,officer,4,67,False,0.8056,False,False,False,
BP p.l.c.,245,entity,HORIZON 38 MANAGEMENT COMPANY LIMITED,INTERNATIONAL COMPANY MANAGEMENT LIMITED,intermediary,0,67,False,0.8052,False,False,False,
A.P. Moller-Maersk,15,entity,Maersk China Ltd.,CHINA WAVE LTD,officer,4,68,False,0.8,False,False,False,
A.P. Moller-Maersk,42,entity,MAERSK COMPANY LIMITED(THE),THE COMPANY SECRETARY LIMITED,officer,3,72,False,0.8,False,False,False,
A.P. Moller-Maersk,48,entity,Pentalver Transport Limited,SILVA TRANSPORT LIMITED,officer,4,74,False,0.8,False,False,False,
A.P. Moller-Maersk,54,person,Vincent Clerc,Vincent Chen,entity,4,76,False,0.8,True,False,False,
A.P. Moller-Maersk,72,person,Vincent Clerc,Vincent Chen,entity,4,76,False,0.8,True,False,False,
BP p.l.c.,1,entity,BP GLOBAL INVESTMENTS LIMITED,GLOBAL INVESTMENTS (INDONESIA) LIMITED,entity,5,63,False,0.8,False,False,False,
BP p.l.c.,23,entity,BP OIL INTERNATIONAL LIMITED,Gulf Oil International Limited - Cayman,officer,7,70,False,0.8,False,False,False,
BP p.l.c.,23,entity,BP OIL INTERNATIONAL LIMITED,MAENE INTERNATIONAL LIMITED,intermediary,5,71,False,0.8,False,False,False,
BP p.l.c.,31,entity,BP EXPLORATION (CASPIAN SEA) LIMITED,BP EXPLORATION VENZUELA LIMITED,entity,2,58,False,0.8,False,False,False,
BP p.l.c.,41,entity,BP EXPLORATION (ALPHA) LIMITED,EXPLORATION CAPITAL LIMITED,officer,7,75,False,0.8,True,False,False,
BP p.l.c.,54,entity,BP FRANCE,KPMG - France,officer,4,27,False,0.8,False,False,False,
BP p.l.c.,58,entity,ARCHAEA ENERGY INC.,Ithaca Energy Inc,officer,8,16,False,0.8,False,False,False,
BP p.l.c.,64,entity,BP CHEMICALS LIMITED,CHASTAR CHEMICALS LIMITED,entity,4,72,False,0.8,False,False,False,
BP p.l.c.,64,entity,BP CHEMICALS LIMITED,WINCHEM CHEMICALS LIMITED,entity,5,56,False,0.8,False,False,False,
BP p.l.c.,66,entity,BRITANNIC STRATEGIES LIMITED,A. W. STRATEGIES LIMITED,officer,2,64,False,0.8,False,False,False,
BP p.l.c.,68,entity,AZULE ENERGY EXPLORATION (ANGOLA) LIMITED,ESSO EXPLORATION ANGOLA LIMITED,entity,0,71,False,0.8,False,False,False,
BP p.l.c.,69,entity,BP ENERGY AUSTRALIA PTY LTD,PHONEGUARD AUSTRALIA PTY LTD,officer,1,60,False,0.8,False,False,False,
BP p.l.c.,76,entity,BP ITALIA S.P.A.,ITALIA S.A.,entity,9,66,False,0.8,True,False,False,
BP p.l.c.,77,entity,BP ENERGY ASIA PTE. LIMITED,SOUTHEAST ASIA ENERGY LIMITED,officer,2,65,False,0.8,False,False,False,
BP p.l.c.,78,entity,AIR BP LIMITED,Fans Air Limited,officer,5,75,False,0.8,False,False,False,
BP p.l.c.,79,entity,BP EXPLORATION (ALPHA) LIMITED,EXPLORATION CAPITAL LIMITED,officer,7,75,False,0.8,True,False,False,
BP p.l.c.,80,entity,BP INTERNATIONAL LIMITED,TRUSTLINK INTERNATIONAL LIMITED,intermediary,4,58,False,0.8,False,False,False,
BP p.l.c.,84,entity,BP Capital Markets B.V.,BP CAPITAL PARTNERS N.V.,officer,0,65,False,0.8,True,False,False,
BP p.l.c.,89,entity,Bp International Ltd,LEVESON INTERNATIONAL LTD.,entity,6,56,False,0.8,False,False,False,
BP p.l.c.,89,entity,Bp International Ltd,SAVIGNY INTERNATIONAL LTD.,entity,8,56,False,0.8,False,False,False,
BP p.l.c.,89,entity,Bp International Ltd,SAVIGNY INTERNATIONAL LTD.,entity,9,56,False,0.8,False,False,False,
BP p.l.c.,89,entity,Bp International Ltd,HONTECH INTERNATIONAL LTD.,intermediary,3,72,False,0.8,False,False,False,
BP p.l.c.,89,entity,Bp International Ltd,LOCKSON INTERNATIONAL LTD.,intermediary,9,56,False,0.8,False,False,False,
BP p.l.c.,94,entity,Ruhr Oel GmbH,RUHR HANDELS GMBH,entity,1,70,False,0.8,False,False,False,
BP p.l.c.,97,entity,Bp Gamma Holdings,GAMMA HOLDINGS LTD,entity,3,61,False,0.8,True,False,False,
BP p.l.c.,97,entity,Bp Gamma Holdings,Gamma Holdings Ltd.,officer,0,61,False,0.8,True,False,False,
BP p.l.c.,108,entity,Guaranty Nominees Ltd,GUARANTY INVESTMENTS LTD.,entity,1,45,False,0.8,True,False,False,
BP p.l.c.,117,entity,INEOS ACETYLS INTERNATIONAL LIMITED,Colborne International Limited,officer,5,74,False,0.8,False,False,False,
BP p.l.c.,118,entity,INEOS ACETYLS INVESTMENTS LIMITED,ROSETTE INVESTMENTS LIMITED,entity,4,33,False,0.8,False,False,False,
BP p.l.c.,128,entity,TRICOYA UK LIMITED,VISTRA (UK) LIMITED,intermediary,0,44,False,0.8,False,False,False,
BP p.l.c.,130,entity,ROPEMAKER PROPERTIES LIMITED,SHK PROPERTIES LIMITED,intermediary,1,71,False,0.8,False,False,False,
BP p.l.c.,133,entity,SNOWMASS HOLDINGS LIMITED,LMC HOLDINGS LIMITED,intermediary,1,72,False,0.8,False,False,False,
BP p.l.c.,139,entity,AIR BP LIMITED,Fans Air Limited,officer,5,75,False,0.8,False,False,False,
BP p.l.c.,142,entity,BRITANNIC STRATEGIES LIMITED,A. W. STRATEGIES LIMITED,officer,2,64,False,0.8,False,False,False,
BP p.l.c.,148,entity,CASTROL GROUP HOLDINGS LIMITED,WINSWAY GROUP HOLDINGS LIMITED,officer,2,46,False,0.8,False,False,False,
BP p.l.c.,151,entity,VICEROY INVESTMENTS LIMITED,PGM INVESTMENTS LIMITED,intermediary,0,74,False,0.8,False,False,False,
BP p.l.c.,151,entity,VICEROY INVESTMENTS LIMITED,PENTAGON INVESTMENTS LIMITED,intermediary,1,75,False,0.8,False,False,False,
BP p.l.c.,151,entity,VICEROY INVESTMENTS LIMITED,BELLSTAR INVESTMENTS LIMITED,intermediary,4,39,False,0.8,False,False,False,
BP p.l.c.,156,entity,MORVEN OFFSHORE WIND HOLDINGS LIMITED,OFFSHORE LICENCE HOLDINGS LIMITED,officer,8,56,False,0.8,False,False,False,
BP p.l.c.,156,entity,MORVEN OFFSHORE WIND HOLDINGS LIMITED,OFFSHORE LICENSE HOLDINGS LIMITED,officer,9,56,False,0.8,False,False,False,
BP p.l.c.,157,entity,GRID EDGE LIMITED,First Edge Limited,officer,8,77,False,0.8,False,False,False,
BP p.l.c.,166,entity,BP (GIBRALTAR) LIMITED,GAMESYS (GIBRALTAR) LIMITED,officer,7,72,False,0.8,False,False,False,
BP p.l.c.,177,entity,BP BIOFUELS INVESTMENTS LIMITED,YOLK INVESTMENTS LIMITED,intermediary,7,45,False,0.8,False,False,False,
BP p.l.c.,180,entity,BP CHEMICALS LIMITED,CHASTAR CHEMICALS LIMITED,entity,4,72,False,0.8,False,False,False,
BP p.l.c.,180,entity,BP CHEMICALS LIMITED,WINCHEM CHEMICALS LIMITED,entity,5,56,False,0.8,False,False,False,
BP p.l.c.,185,entity,BP ETA HOLDINGS LIMITED,INCAT HOLDINGS LIMITED,intermediary,4,43,False,0.8,False,False,False,
BP p.l.c.,191,entity,BP GAMMA HOLDINGS LIMITED,LMC HOLDINGS LIMITED,intermediary,2,48,False,0.8,False,False,False,
BP p.l.c.,193,entity,BP GLOBAL INVESTMENTS LIMITED,GLOBAL INVESTMENTS (INDONESIA) LIMITED,entity,5,63,False,0.8,False,False,False,
BP p.l.c.,194,entity,BP GLOBAL SOLUTIONS LIMITED,IG INSTADEBIT GLOBAL SOLUTIONS LIMITED,officer,5,57,False,0.8,False,False,False,
BP p.l.c.,194,entity,BP GLOBAL SOLUTIONS LIMITED,GLOBAL HORIZONS LIMITED,intermediary,6,40,False,0.8,False,False,False,
BP p.l.c.,197,entity,BP HOLDINGS NORTH AMERICA LIMITED,NORTH CITY HOLDINGS LIMITED,officer,5,72,False,0.8,False,False,False,
BP p.l.c.,200,entity,BP INTERNATIONAL LIMITED,TRUSTLINK INTERNATIONAL LIMITED,intermediary,4,58,False,0.8,False,False,False,
BP p.l.c.,201,entity,BP INVESTMENT MANAGEMENT LIMITED,INTERNATIONAL INVESTMENT MANAGEMENT LIMITED,intermediary,2,69,False,0.8,False,False,False,
BP p.l.c.,202,entity,BP INVESTMENTS ASIA LIMITED,Appraise Asia Investments Limited,officer,5,69,False,0.8,False,False,False,
BP p.l.c.,209,entity,BP MIDDLE EAST LIMITED,HERITAGE MIDDLE EAST LIMITED,entity,4,64,False,0.8,False,False,False,
BP p.l.c.,209,entity,BP MIDDLE EAST LIMITED,HERITAGE MIDDLE EAST LIMITED,officer,3,64,False,0.8,False,False,False,
BP p.l.c.,209,entity,BP MIDDLE EAST LIMITED,MIDDLE EAST COLLEGES LIMITED,intermediary,8,71,False,0.8,False,False,False,
BP p.l.c.,213,entity,BP OIL INTERNATIONAL LIMITED,Gulf Oil International Limited - Cayman,officer,7,70,False,0.8,False,False,False,
BP p.l.c.,213,entity,BP OIL INTERNATIONAL LIMITED,MAENE INTERNATIONAL LIMITED,intermediary,5,71,False,0.8,False,False,False,
BP p.l.c.,223,entity,BP PENSIONS LIMITED,BP PROMOTIONS LIMITED,entity,0,76,False,0.8,False,False,False,
BP p.l.c.,226,entity,BP PROPERTIES LIMITED,BERRYVILLE PROPERTIES LIMITED,entity,3,68,False,0.8,False,False,False,
BP p.l.c.,228,entity,BP RUSSIAN INVESTMENTS LIMITED,TUBAL INVESTMENTS LIMITED,entity,9,73,False,0.8,False,False,False,
BP p.l.c.,249,entity,BTC PIPELINE HOLDING COMPANY LIMITED,ESSO PIPELINE COMPANY LIMITED,entity,5,69,False,0.8,False,False,False,
BP p.l.c.,253,person,JOHANNES ANTONIUS TEYSSEN,"SCHOOFS, ANTONIUS JOHANNES",officer,0,72,False,0.8,True,False,False,
BP p.l.c.,254,person,ALIA FAZAL,ALLY FAZAL,officer,7,80,False,0.8,True,False,False,
BP p.l.c.,261,person,DAVID ALAN HAGER,David Alan Laderman,officer,5,73,False,0.8,True,False,False,
BP p.l.c.,262,person,MARGUERITE EILEEN O‘NEILL,MARGUERITE EILEEN COLBERT,officer,0,36,False,0.8,True,False,False,
Bank Saderat PLC,11,person,ROBERT JOHN SPEEDY,ROBERT JOHN SPECTERMAN,intermediary,0,72,False,0.8,True,False,False,
Biffa plc,7,person,SARAH PARSONS,Gary Parsons,entity,2,23,False,0.8,True,False,False,
Biffa plc,7,person,SARAH PARSONS,Gary Parsons,intermediary,2,23,False,0.8,True,False,False,
Biffa plc,8,person,MARC ANTHONY ANGELL,Marc Anthony Franklin,officer,1,47,False,0.8,True,False,False,
Biffa plc,11,entity,RENEWI HOLDINGS LIMITED,INCAT HOLDINGS LIMITED,intermediary,3,47,False,0.8,False,False,False,
Biffa plc,14,entity,BIFFA BDR HOLDINGS LIMITED,BURWILL HOLDINGS LIMITED,intermediary,9,76,False,0.8,False,False,False,
Biffa plc,15,entity,BIFFA BIDCO LIMITED,PE BIDCO LIMITED,entity,2,52,False,0.8,True,False,False,
Biffa plc,15,entity,BIFFA BIDCO LIMITED,ET Bidco Limited,entity,3,73,False,0.8,False,False,False,
Biffa plc,15,entity,BIFFA BIDCO LIMITED,ET Bidco Limited,officer,2,73,False,0.8,False,False,False,
Biffa plc,17,entity,BIFFA CORPORATE SERVICES LIMITED,ACN CORPORATE SERVICES COMPANY LIMITED,entity,4,73,False,0.8,False,False,False,
Biffa plc,18,entity,BIFFA CUMBRIA HOLDINGS LTD,CUMBRIA HOLDINGS LIMITED,entity,0,61,False,0.8,True,False,False,
Biffa plc,20,entity,BIFFA GROUP LIMITED,GP GROUP LIMITED,entity,6,73,False,0.8,False,False,False,
Biffa plc,24,entity,BIFFA MIDCO LIMITED,ET Midco Limited,entity,4,73,False,0.8,False,False,False,
Biffa plc,24,entity,BIFFA MIDCO LIMITED,ET Midco Limited,officer,5,73,False,0.8,False,False,False,
Biffa plc,30,entity,ELWA HOLDINGS LIMITED,RED DOG HOLDINGS LIMITED,entity,2,66,False,0.8,False,False,False,
Biffa plc,30,entity,ELWA HOLDINGS LIMITED,MARENTO HOLDINGS LIMITED,entity,9,45,False,0.8,False,False,False,
Biffa plc,30,entity,ELWA HOLDINGS LIMITED,HARMONY HOLDINGS LIMITED,officer,9,70,False,0.8,False,False,False,
Biffa plc,30,entity,ELWA HOLDINGS LIMITED,DYNAMIC HOLDINGS LIMITED,intermediary,4,75,False,0.8,False,False,False,
Biffa plc,30,entity,ELWA HOLDINGS LIMITED,BURWILL HOLDINGS LIMITED,intermediary,9,75,False,0.8,False,False,False,
Care UK Social Care,16,entity,WIGMORE 1 LIMITED,WIGMORE LEASING LIMITED,entity,3,69,False,0.8,False,False,False,
Care UK Social Care,17,entity,CHS HEALTHCARE LIMITED,PHARMADOX HEALTHCARE LIMITED,officer,2,50,False,0.8,False,False,False,
Care UK Social Care,21,entity,CARE UK DEVELOPMENTS 3 LIMITED,BROADTREE DEVELOPMENTS LIMITED,entity,6,70,False,0.8,False,False,False,
Care UK Social Care,21,entity,CARE UK DEVELOPMENTS 3 LIMITED,AVON DEVELOPMENTS LIMITED,intermediary,1,70,False,0.8,False,False,False,
Care UK Social Care,22,entity,CARE UK FINANCE LIMITED,KENREY FINANCE LIMITED,intermediary,3,39,False,0.8,False,False,False,
Care UK Social Care,24,entity,CARE UK INVESTMENTS LIMITED,PGM INVESTMENTS LIMITED,intermediary,3,70,False,0.8,False,False,False,
Care UK Social Care,24,entity,CARE UK INVESTMENTS LIMITED,BELLSTAR INVESTMENTS LIMITED,intermediary,7,64,False,0.8,False,False,False,
Care UK Social Care,25,entity,CARE UK LIMITED,IDEX UK Limited,officer,5,73,False,0.8,False,False,False,
Care UK Social Care,29,entity,PJLS HOLDINGS LIMITED,OLDWICK HOLDINGS LIMITED,officer,1,70,False,0.8,False,False,False,
Care UK Social Care,29,entity,PJLS HOLDINGS LIMITED,BURWILL HOLDINGS LIMITED,intermediary,9,45,False,0.8,False,False,False,
DMGT,5,entity,TREPP UK LIMITED,Teleport UK Limited,entity,7,73,False,0.8,False,False,False,
DMGT,5,entity,TREPP UK LIMITED,GPG (UK) Limited,officer,5,37,False,0.8,False,False,False,
DMGT,22,entity,WORKMATE TECHNOLOGY LIMITED,Adax Technology Limited,officer,0,48,False,0.8,False,False,False,
DMGT,25,entity,ENTALE MEDIA LIMITED,PANPAC MEDIA LIMITED,officer,6,30,False,0.8,False,False,False,
DMGT,26,entity,YOPA PROPERTY LIMITED,CARIBOU PROPERTY LIMITED,officer,1,45,False,0.8,False,False,False,
DMGT,29,entity,NEW SCIENTIST LIMITED,New Century Limited,officer,4,14,False,0.8,False,False,False,
DMGT,30,entity,HARMSWORTH PENSION FUNDS TRUSTEES (NO.2) LIMITED,Barclays Pension Funds Trustees Limited,officer,0,58,False,0.8,False,False,False,
DMGT,37,entity,DMG MEDIA LIMITED,PHAT MEDIA LIMITED,officer,8,50,False,0.8,False,False,False,
DMGT,56,entity,NORTHCLIFFE TRUSTEES LIMITED,CALPE TRUSTEES LIMITED,intermediary,0,42,False,0.8,False,False,False,
DMGT,57,entity,TREPP UK LIMITED,Teleport UK Limited,entity,7,73,False,0.8,False,False,False,
DMGT,57,entity,TREPP UK LIMITED,GPG (UK) Limited,officer,5,37,False,0.8,False,False,False,
DMGT,58,entity,COMMODITY VECTORS LIMITED,COMMODITY TRADING LIMITED,entity,9,72,False,0.8,True,False,False,
Glencore plc,9,entity,GLENCORE SINGAPORE PTE. LTD.,ENIGMA (SINGAPORE) PTE. LTD.,entity,4,76,False,0.8,False,False,False,
Glencore plc,9,entity,GLENCORE SINGAPORE PTE. LTD.,Cochan Singapore PTE Ltd.,officer,2,73,False,0.8,False,False,False,
Glencore plc,12,entity,GLENCORE INTERNATIONAL AG,LCG INTERNATIONAL AG,intermediary,1,48,False,0.8,False,False,False,
Glencore plc,23,entity,Glencore Coal,Glencore plc,officer,0,30,False,0.8,True,False,False,
Glencore plc,23,entity,Glencore Coal,GLENCORE PLC,officer,1,30,False,0.8,True,False,False,
Glencore plc,23,entity,Glencore Coal,GLENCORE PLC,officer,2,30,False,0.8,True,False,False,
Glencore plc,23,entity,Glencore Coal,GLENCORE PLC,officer,3,30,False,0.8,True,False,False,
Glencore plc,23,entity,Glencore Coal,GLENCORE PLC,officer,4,30,False,0.8,True,False,False,
Glencore plc,23,entity,Glencore Coal,GLENCORE PLC,officer,5,30,False,0.8,True,False,False,
Glencore plc,23,entity,Glencore Coal,GLENCORE PLC,officer,6,30,False,0.8,True,False,False,
Glencore plc,23,entity,Glencore Coal,GLENCORE PLC,officer,7,30,False,0.8,True,False,False,
Glencore plc,23,entity,Glencore Coal,GLENCORE PLC,officer,8,30,False,0.8,True,False,False,
Glencore plc,23,entity,Glencore Coal,GLENCORE PLC,officer,9,30,False,0.8,True,False,False,
Glencore plc,40,entity,Glencore,GLENCORE PLC,officer,0,66,False,0.8,True,False,False,
Glencore plc,40,entity,Glencore,Glencore plc,officer,1,66,False,0.8,True,False,False,
Glencore plc,40,entity,Glencore,GLENCORE PLC,officer,2,66,False,0.8,True,False,False,
Glencore plc,40,entity,Glencore,GLENCORE PLC,officer,3,66,False,0.8,True,False,False,
Glencore plc,40,entity,Glencore,GLENCORE PLC,officer,4,66,False,0.8,True,False,False,
Glencore plc,40,entity,Glencore,GLENCORE PLC,officer,5,66,False,0.8,True,False,False,
Glencore plc,40,entity,Glencore,GLENCORE PLC,officer,6,66,False,0.8,True,False,False,
Glencore plc,40,entity,Glencore,GLENCORE PLC,officer,7,66,False,0.8,True,False,False,
Glencore plc,40,entity,Glencore,GLENCORE PLC,officer,8,66,False,0.8,True,False,False,
Glencore plc,40,entity,Glencore,GLENCORE PLC,officer,9,66,False,0.8,True,False,False,
Hornsea 1 Limited,9,entity,HORNSEA 1 LIMITED,XRS 1 Limited,officer,0,29,False,0.8,False,False,False,
Hornsea 1 Limited,34,entity,RACE BANK WIND FARM LIMITED,Andes Wind Farm Limited,entity,0,66,False,0.8,False,False,False,
Hornsea 1 Limited,37,entity,BALLYKEEL WIND FARM LIMITED,Andes Wind Farm Limited,entity,0,74,False,0.8,False,False,False,
Hornsea 1 Limited,44,entity,HORNSEA 1 LIMITED,XRS 1 Limited,officer,0,29,False,0.8,False,False,False,
Hornsea 1 Limited,53,person,MARTIN JAMES SWAIN,James Martin,officer,0,66,False,0.8,True,False,False,
Hornsea 1 Limited,53,person,MARTIN JAMES SWAIN,Martin - James,officer,1,66,False,0.8,True,False,False,
Hornsea 1 Limited,57,entity,HORNSEA 1 LIMITED,XRS 1 Limited,officer,0,29,False,0.8,False,False,False,
Hornsea 1 Limited,58,entity,Hornsea 1 Limited,XRS 1 Limited,officer,0,29,False,0.8,False,False,False,
Hornsea 1 Limited,63,entity,JUPITER OFFSHORE WIND LIMITED,Manx Offshore Wind Limited,entity,4,65,False,0.8,False,False,False,
Hornsea 1 Limited,64,entity,HORNSEA 1 HOLDINGS LIMITED,HORNSEA SHIPPING LIMITED,entity,2,23,False,0.8,False,False,False,
Hornsea 1 Limited,65,entity,HORNSEA 1 LIMITED,XRS 1 Limited,officer,0,29,False,0.8,False,False,False,
LVMH,4,entity,LVMH INVESTISSEMENTS,INVESTISSEMENTS LUMINEUSE,entity,1,72,False,0.8,False,False,False,
LVMH,10,entity,DFS VENTURE SINGAPORE (PTE) LIMITED,INTXT SINGAPORE PTE. LIMITED,entity,4,60,False,0.8,False,False,False,
LVMH,12,entity,FLAVIUS INVESTISSEMENTS,PRISME INVESTISSEMENTS,entity,7,34,False,0.8,False,False,False,
LVMH,60,entity,LOEWE SA,VASANA LOEWE,officer,0,66,False,0.8,True,False,False,
LVMH,60,entity,LOEWE SA,VASANA LOEWE,officer,1,66,False,0.8,True,False,False,
LVMH,63,entity,BULGARI IRELAND LIMITED,AerCap Ireland Limited,officer,3,73,False,0.8,False,False,False,
LVMH,79,entity,Christian Dior,CHRISTIAN CORETH,officer,8,68,False,0.8,False,False,False,
Newcastle United FC,8,entity,Golden Lattice Investments Company,LATTICE INVESTMENTS CORPORATION,entity,5,73,False,0.8,True,False,False,
Newcastle United FC,8,entity,Golden Lattice Investments Company,LATTICE INVESTMENTS CORPORATION,entity,6,73,False,0.8,True,False,False,
Newcastle United FC,13,entity,GIB Asset Management (Cayman) SPC Ltd,TUNG TAI ASSET MANAGEMENT (CAYMAN) LIMITED,entity,5,67,False,0.8,False,False,False,
Newcastle United FC,21,entity,NEWCASTLE UNITED EMPLOYMENT LIMITED,Newcastle Developments Limited,entity,8,65,False,0.8,False,False,False,
Newcastle United FC,28,entity,NEWCASTLE UNITED GROUP LIMITED,UNITED GROUP LIMITED,officer,1,66,False,0.8,True,False,False,
Newcastle United FC,30,entity,NEWCASTLE UNITED LIMITED,NEWCASTLE SERVICES LIMITED,entity,6,76,False,0.8,True,False,False,
Newcastle United FC,39,entity,NCUK INVESTMENT LIMITED,TK INVESTMENT LTD.,entity,3,69,False,0.8,False,False,False,
Newcastle United FC,39,entity,NCUK INVESTMENT LIMITED,SARDINIA INVESTMENT LIMITED,entity,7,70,False,0.8,False,False,False,
Newcastle United FC,39,entity,NCUK INVESTMENT LIMITED,TAI CHEN INVESTMENT LIMITED,entity,8,66,False,0.8,False,False,False,
Newcastle United FC,39,entity,NCUK INVESTMENT LIMITED,KEEN INVESTMENT LIMITED INC.,entity,9,48,False,0.8,False,False,False,
Newcastle United FC,39,entity,NCUK INVESTMENT LIMITED,UPRISING INVESTMENT LIMITED,officer,1,70,False,0.8,False,False,False,
Newcastle United FC,39,entity,NCUK INVESTMENT LIMITED,Coralina Investment Limited,officer,9,48,False,0.8,False,False,False,
Newcastle United FC,39,entity,NCUK INVESTMENT LIMITED,TAI CHEN INVESTMENT LIMITED,intermediary,7,66,False,0.8,False,False,False,
Newcastle United FC,39,entity,NCUK INVESTMENT LIMITED,KEEN INVESTMENT LIMITED INC.,intermediary,8,48,False,0.8,False,False,False,
Newcastle United FC,41,entity,REDSTART LEISURE LIMITED,REDSTART LIMITED,entity,1,66,False,0.8,True,False,False,
Newcastle United FC,41,entity,REDSTART LEISURE LIMITED,LEISURE TOURS LIMITED,entity,9,70,False,0.8,False,False,False,
Newcastle United FC,44,entity,MASH HOLDINGS LIMITED,HARMONY HOLDINGS LIMITED,officer,9,45,False,0.8,False,False,False,
Newcastle United FC,44,entity,MASH HOLDINGS LIMITED,DYNAMIC HOLDINGS LIMITED,intermediary,4,45,False,0.8,False,False,False,
Newcastle United FC,44,entity,MASH HOLDINGS LIMITED,PINKSON HOLDINGS LIMITED,intermediary,8,75,False,0.8,False,False,False,
Newcastle United FC,45,entity,ST JAMES HOLDINGS LIMITED,ST JAMES HOUS NOMINEES LIMITED,officer,7,53,False,0.8,True,False,False,
Newcastle United FC,45,entity,ST JAMES HOLDINGS LIMITED,LMC HOLDINGS LIMITED,intermediary,8,64,False,0.8,False,False,False,
Newcastle United FC,47,entity,PZ NEWCO LIMITED,NEWCO STEEL LIMITED,entity,3,73,False,0.8,False,False,False,
Newcastle United FC,54,person,ROGER THORNTON,Thornton - Gardner,officer,8,75,False,0.8,True,False,False,
Nordea Bank Abp,14,entity,Sampo Group,SFM GROUP,intermediary,3,72,False,0.8,False,False,False,
Nordea Bank Abp,21,entity,Nordea Foundation,NORFOLK FOUNDATION,entity,0,77,False,0.8,False,False,False,
Rosneft,0,entity,Rosneft Deutschland GmbH,SCMR DEUTSCHLAND GMBH,entity,0,75,False,0.8,False,False,False,
Rosneft,11,entity,Ruhr Oel GmbH,RUHR HANDELS GMBH,entity,1,70,False,0.8,False,False,False,
Rosneft,38,entity,TNK Trading International S.A.,SOUND INTERNATIONAL TRADING LTD,intermediary,2,70,False,0.8,False,False,False,
Rosneft,111,entity,BP RUSSIAN INVESTMENTS LIMITED,TUBAL INVESTMENTS LIMITED,entity,9,73,False,0.8,False,False,False,
TAQA Bratani Limited,27,entity,ENQUEST HEATHER LIMITED,HEATHER C. LIMITED,entity,3,69,False,0.8,True,False,False,
TAQA Bratani Limited,30,entity,ENQUEST PROGRESS LIMITED,Progress Limited,entity,4,66,False,0.8,True,False,False,
TAQA Bratani Limited,31,entity,ENQUEST THISTLE LIMITED,THISTLE ENTERPRISES LIMITED.,entity,9,70,False,0.8,True,False,False,
TAQA Bratani Limited,49,entity,BP EXPLORATION (ALPHA) LIMITED,EXPLORATION CAPITAL LIMITED,officer,7,75,False,0.8,True,False,False,
TAQA Bratani Limited,51,entity,BP EXPLORATION (CARIBBEAN) LIMITED,BP EXPLORATION (EL DJAZAIR) LIMITED,entity,1,75,False,0.8,False,False,False,
TAQA Bratani Limited,52,entity,BP EXPLORATION (CASPIAN SEA) LIMITED,BP EXPLORATION VENZUELA LIMITED,entity,2,58,False,0.8,False,False,False,
TAQA Bratani Limited,53,entity,BP EXPLORATION (D230) LIMITED,BP EXPLORATION (EL DJAZAIR) LIMITED,entity,1,72,False,0.8,False,False,False,
TAQA Bratani Limited,69,entity,BP EXPLORATION PERU LIMITED,Exploration Services Limited,officer,7,67,False,0.8,True,False,False,
TAQA Bratani Limited,71,entity,BP HOLDINGS IRAQ LTD,IRAQ HOLDING LIMITED,officer,2,60,False,0.8,True,False,False,
TAQA Bratani Limited,76,entity,BP MAURITANIA INVESTMENTS LIMITED,IKEMURA INVESTMENTS LIMITED,entity,4,45,False,0.8,False,False,False,
TAQA Bratani Limited,87,entity,IRAQ PETROLEUM COMPANY LIMITED,THE SHELL PETROLEUM COMPANY LIMITED,officer,5,57,False,0.8,False,False,False,
TAQA Bratani Limited,93,entity,AZULE ENERGY EXPLORATION (ANGOLA) LIMITED,ESSO EXPLORATION ANGOLA LIMITED,entity,0,71,False,0.8,False,False,False,
TAQA Bratani Limited,95,entity,AZULE ENERGY HOLDINGS LIMITED,Consolidated Energy Holdings Limited,officer,8,72,False,0.8,False,False,False,
TAQA Bratani Limited,96,entity,AZULE ENERGY LIMITED,Inkia Energy Limited,officer,6,44,False,0.8,False,False,False,
Unilever PLC,52,entity,UNILEVER GROUP LIMITED,UNILEVER EXPORT LIMITED,entity,0,78,False,0.8,True,False,False,
Unilever PLC,70,entity,UNILEVER CAPITAL CORPORATION,DYNAMIC CAPITAL CORPORATION,officer,2,71,False,0.8,False,False,False,
Unilever PLC,70,entity,UNILEVER CAPITAL CORPORATION,BALFOUR CAPITAL CORPORATION,officer,7,39,False,0.8,False,False,False,
